# Blender 5.1.1
# www.blender.org
mtllib StuckDoor.mtl
o Door_A
v -0.083300 2.198844 -2.057702
v -0.083300 2.200850 -2.056108
v -0.083300 2.202099 -2.055114
v -0.023757 2.193467 -2.068354
v -0.035006 2.215073 -2.083825
v -0.023757 2.193470 -2.068354
v -0.023757 2.193464 -2.068354
v -0.035006 2.210795 -2.084149
v -0.023757 2.193462 -2.068353
v -0.035006 2.202645 -2.081856
v -0.035006 2.206563 -2.083479
v -0.078130 2.215073 -2.083825
v -0.078130 2.210795 -2.084149
v -0.078130 2.206563 -2.083479
v -0.078130 2.219131 -2.082526
v -0.035006 2.219131 -2.082526
v -0.078130 2.202645 -2.081856
v -0.035006 2.199286 -2.079383
v -0.083300 2.215073 -2.083825
v -0.083300 2.210795 -2.084149
v -0.083300 2.206563 -2.083479
v -0.083300 2.202645 -2.081856
v -0.083300 2.219131 -2.082526
v -0.083300 2.199286 -2.079383
v -0.078130 2.222712 -2.080337
v -0.035006 2.222712 -2.080337
v -0.083300 2.222712 -2.080337
v -0.078130 2.199286 -2.079383
v -0.083300 2.196697 -2.076215
v -0.078130 2.196697 -2.076215
v -0.035006 2.196697 -2.076215
v -0.078130 2.225591 -2.077393
v -0.035006 2.225591 -2.077393
v -0.083300 2.225591 -2.077393
v -0.023757 2.193472 -2.068353
v -0.023757 2.193475 -2.068352
v -0.023757 2.193476 -2.068349
v -0.023757 2.193460 -2.068351
v -0.023757 2.193458 -2.068349
v -0.023757 2.193478 -2.068348
v -0.035006 2.228577 -2.070013
v -0.023757 2.193478 -2.068346
v -0.035006 2.227588 -2.073877
v -0.035006 2.228496 -2.066045
v -0.023757 2.193478 -2.068344
v -0.023757 2.193434 -2.068349
v -0.035006 2.158335 -2.081909
v -0.023757 2.193434 -2.068353
v -0.035006 2.158372 -2.076778
v -0.023757 2.193434 -2.068345
v -0.035006 2.158397 -2.068846
v -0.023757 2.193434 -2.068342
v -0.035006 2.158382 -2.060917
v -0.023757 2.193434 -2.068338
v -0.035006 2.158352 -2.055784
v -0.023757 2.193460 -2.068341
v -0.035006 2.198844 -2.057702
v -0.035006 2.196386 -2.060959
v -0.023757 2.193458 -2.068342
v -0.023757 2.193461 -2.068338
v -0.035006 2.202099 -2.055114
v -0.023757 2.193464 -2.068337
v -0.023757 2.193467 -2.068337
v -0.035006 2.205949 -2.053356
v -0.035006 2.210150 -2.052539
v -0.046431 2.205949 -2.053356
v -0.046431 2.210150 -2.052539
v -0.035006 2.214439 -2.052713
v -0.046431 2.202099 -2.055115
v -0.046431 2.214439 -2.052713
v -0.083300 2.210150 -2.052539
v -0.083300 2.205949 -2.053356
v -0.083300 2.214439 -2.052713
v -0.083300 2.204471 -2.054031
v -0.083300 2.216970 -2.053426
v -0.083300 2.218547 -2.053869
v -0.046431 2.218547 -2.053870
v -0.035006 2.218547 -2.053869
v -0.035006 2.222214 -2.055932
v -0.083300 2.222214 -2.055932
v -0.078130 2.222214 -2.055934
v -0.083300 2.224061 -2.057684
v -0.083300 2.225212 -2.058775
v -0.078130 2.225212 -2.058775
v -0.078130 2.198844 -2.057702
v -0.078130 2.196386 -2.060959
v -0.083300 2.196386 -2.060959
v -0.083300 2.158394 -2.069681
v -0.083300 2.158397 -2.068846
v -0.083300 2.158382 -2.060917
v -0.083300 2.158335 -2.081909
v -0.083300 2.158372 -2.076778
v -0.083300 2.156679 -2.104556
v -0.083300 2.158369 -2.081905
v -0.083300 2.193124 -2.104448
v -0.083300 2.193209 -2.076735
v -0.083300 2.229024 -2.104556
v -0.083300 2.227588 -2.073877
v -0.083300 2.228577 -2.070013
v -0.083300 2.156679 -2.134369
v -0.083300 2.192972 -2.134369
v -0.083300 2.260147 -2.104556
v -0.083300 2.229024 -2.134369
v -0.083300 2.124831 -2.134369
v -0.083300 2.124831 -2.104556
v -0.083300 2.192972 -2.154252
v -0.083300 2.229024 -2.154252
v -0.083300 2.156679 -2.154252
v -0.083300 2.260147 -2.134369
v -0.083300 2.260147 -2.154252
v -0.081589 2.229024 -2.166376
v -0.081589 2.192972 -2.166376
v -0.081589 2.260147 -2.166376
v -0.083300 2.124831 -2.154252
v -0.081589 2.156679 -2.166376
v -0.083300 2.102113 -2.134369
v -0.076459 2.229024 -2.172914
v -0.076459 2.192972 -2.172914
v -0.076459 2.260147 -2.172914
v -0.076459 2.156679 -2.172914
v -0.081589 2.124831 -2.166376
v -0.076459 2.124831 -2.172914
v -0.081589 2.281655 -2.166376
v -0.076459 2.281655 -2.172914
v -0.083300 2.102113 -2.154252
v -0.081589 2.102113 -2.166376
v -0.076459 2.102113 -2.172914
v -0.079926 2.086863 -2.166344
v -0.074939 2.087028 -2.172787
v -0.081589 2.086808 -2.154252
v -0.074939 2.077416 -2.166254
v -0.070376 2.078074 -2.172426
v -0.076459 2.077197 -2.154252
v -0.076459 2.077197 -2.134369
v -0.081589 2.086808 -2.134369
v -0.083300 2.102113 -2.104556
v -0.081589 2.086808 -2.104556
v -0.076459 2.077197 -2.104556
v -0.083300 2.124831 -2.069713
v -0.083300 2.156679 -2.034737
v -0.083300 2.158352 -2.055784
v -0.083300 2.158369 -2.055786
v -0.083300 2.193209 -2.060525
v -0.083300 2.102113 -2.069713
v -0.081589 2.086808 -2.069713
v -0.076459 2.077197 -2.069713
v -0.083300 2.124831 -2.034737
v -0.083300 2.102113 -2.034737
v -0.081589 2.086808 -2.034737
v -0.076459 2.077197 -2.034737
v -0.081589 2.086808 -2.004534
v -0.076459 2.077197 -2.004534
v -0.083300 2.102113 -2.004534
v -0.083300 2.124831 -2.004534
v -0.081589 2.086808 -1.984003
v -0.076459 2.077197 -1.984003
v -0.083300 2.102113 -1.984003
v -0.079926 2.086863 -1.971140
v -0.074939 2.077416 -1.971249
v -0.081589 2.102113 -1.971100
v -0.081589 2.124831 -1.971100
v -0.083300 2.124831 -1.984003
v -0.081589 2.156679 -1.971100
v -0.083300 2.156679 -1.984003
v -0.083300 2.156679 -2.004534
v -0.083300 2.192972 -1.984003
v -0.083300 2.192972 -2.004534
v -0.083300 2.192972 -2.034737
v -0.083300 2.228818 -2.034737
v -0.083300 2.229024 -2.004534
v -0.083300 2.229024 -1.984003
v -0.081589 2.229024 -1.971100
v -0.081589 2.192972 -1.971100
v -0.081589 2.260147 -1.971100
v -0.083300 2.260147 -1.984003
v -0.081589 2.281655 -1.971100
v -0.083300 2.227350 -2.062219
v -0.083300 2.228496 -2.066045
v -0.083300 2.260147 -2.034737
v -0.083300 2.260214 -2.069713
v -0.083300 2.260147 -2.004534
v -0.083300 2.281655 -1.984003
v -0.083300 2.281655 -2.004534
v -0.081589 2.295509 -1.984003
v -0.079926 2.295465 -1.971140
v -0.083300 2.281655 -2.034737
v -0.083300 2.281655 -2.104556
v -0.076459 2.303669 -1.984003
v -0.074939 2.303497 -1.971249
v -0.081589 2.295509 -2.004534
v -0.076459 2.303669 -2.004534
v -0.081589 2.295509 -2.034737
v -0.076459 2.303669 -2.034737
v -0.083300 2.281655 -2.069713
v -0.081589 2.295509 -2.069713
v -0.076459 2.303669 -2.069713
v -0.081589 2.295509 -2.104556
v -0.076459 2.303669 -2.104556
v -0.083300 2.281655 -2.134369
v -0.081589 2.295509 -2.134369
v -0.076459 2.303669 -2.134369
v -0.083300 2.281655 -2.154252
v -0.081589 2.295509 -2.154252
v -0.076459 2.303669 -2.154252
v -0.079926 2.295465 -2.166344
v -0.074939 2.303497 -2.166254
v -0.074939 2.295336 -2.172787
v -0.070376 2.302980 -2.172426
v 0.026170 2.202099 -2.055114
v 0.026170 2.200850 -2.056108
v 0.026170 2.198844 -2.057702
v -0.033374 2.193467 -2.068354
v -0.033374 2.193470 -2.068354
v -0.022124 2.215073 -2.083825
v -0.022124 2.210795 -2.084149
v -0.033374 2.193464 -2.068354
v 0.020999 2.215073 -2.083825
v 0.020999 2.219131 -2.082526
v -0.022124 2.219131 -2.082526
v 0.020999 2.222712 -2.080337
v -0.022124 2.222712 -2.080337
v 0.020999 2.225591 -2.077393
v -0.022124 2.225591 -2.077393
v 0.026170 2.222712 -2.080337
v 0.026170 2.225591 -2.077393
v 0.026170 2.219131 -2.082526
v 0.026170 2.215073 -2.083825
v 0.020999 2.210795 -2.084149
v 0.026170 2.210795 -2.084149
v 0.026170 2.206563 -2.083479
v -0.022124 2.206563 -2.083479
v 0.020999 2.206563 -2.083479
v 0.026170 2.202645 -2.081856
v -0.022124 2.202645 -2.081856
v 0.020999 2.202645 -2.081856
v 0.026170 2.199286 -2.079383
v -0.022124 2.199286 -2.079383
v 0.020999 2.199286 -2.079383
v 0.026170 2.196697 -2.076215
v -0.022124 2.196697 -2.076215
v 0.020999 2.196697 -2.076215
v -0.033374 2.193462 -2.068353
v -0.033374 2.193472 -2.068353
v -0.033374 2.193475 -2.068352
v -0.033374 2.193476 -2.068349
v -0.033374 2.193460 -2.068351
v -0.033374 2.193458 -2.068349
v -0.033374 2.193478 -2.068348
v -0.033374 2.193478 -2.068346
v -0.022124 2.228577 -2.070013
v -0.022124 2.227588 -2.073877
v -0.033374 2.193478 -2.068344
v -0.022124 2.228496 -2.066045
v -0.033374 2.193434 -2.068349
v -0.033374 2.193434 -2.068353
v -0.022124 2.158335 -2.081909
v -0.022124 2.158372 -2.076778
v -0.033374 2.193434 -2.068345
v -0.022124 2.158397 -2.068846
v -0.033374 2.193434 -2.068342
v -0.022124 2.158382 -2.060917
v -0.033374 2.193434 -2.068338
v -0.022124 2.158352 -2.055784
v -0.033374 2.193460 -2.068341
v -0.033374 2.193458 -2.068342
v -0.022124 2.196386 -2.060959
v -0.022124 2.198844 -2.057702
v -0.033374 2.193461 -2.068338
v -0.022124 2.202099 -2.055114
v -0.033374 2.193464 -2.068337
v -0.033374 2.193467 -2.068337
v -0.022124 2.205949 -2.053356
v -0.022124 2.210150 -2.052539
v -0.010699 2.205949 -2.053356
v -0.010699 2.210150 -2.052539
v -0.022124 2.214439 -2.052713
v -0.010699 2.202099 -2.055115
v -0.010699 2.214439 -2.052713
v 0.026170 2.210150 -2.052539
v 0.026170 2.205949 -2.053356
v 0.026170 2.214439 -2.052713
v 0.026170 2.204471 -2.054031
v 0.026170 2.216970 -2.053426
v 0.026170 2.218547 -2.053869
v -0.010699 2.218547 -2.053870
v -0.022124 2.218547 -2.053869
v -0.022124 2.222214 -2.055932
v 0.026170 2.222214 -2.055932
v 0.020999 2.222214 -2.055934
v 0.026170 2.224061 -2.057684
v 0.026170 2.225212 -2.058775
v 0.020999 2.225212 -2.058775
v 0.020999 2.198844 -2.057702
v 0.020999 2.196386 -2.060959
v 0.026170 2.196386 -2.060959
v 0.026170 2.158382 -2.060917
v 0.026170 2.158397 -2.068846
v 0.026170 2.158394 -2.069681
v 0.026170 2.158335 -2.081909
v 0.026170 2.156679 -2.104556
v 0.026170 2.158372 -2.076778
v 0.026170 2.158369 -2.081905
v 0.026170 2.193124 -2.104448
v 0.026170 2.193209 -2.076735
v 0.026170 2.229024 -2.104556
v 0.026170 2.227588 -2.073877
v 0.026170 2.228577 -2.070013
v 0.026170 2.156679 -2.134369
v 0.026170 2.192972 -2.134369
v 0.026170 2.260147 -2.104556
v 0.026170 2.229024 -2.134369
v 0.026170 2.192972 -2.154252
v 0.026170 2.229024 -2.154252
v 0.026170 2.124831 -2.134369
v 0.026170 2.156679 -2.154252
v 0.026170 2.260147 -2.134369
v 0.026170 2.260147 -2.154252
v 0.024459 2.229024 -2.166376
v 0.024459 2.192972 -2.166376
v 0.024459 2.260147 -2.166376
v 0.026170 2.281655 -2.104556
v 0.026170 2.281655 -2.134369
v 0.026170 2.281655 -2.154252
v 0.026170 2.260214 -2.069713
v 0.019328 2.229024 -2.172914
v 0.019328 2.260147 -2.172914
v 0.019328 2.192972 -2.172914
v 0.024459 2.281655 -2.166376
v 0.019328 2.281655 -2.172914
v 0.024459 2.156679 -2.166376
v 0.019328 2.156679 -2.172914
v 0.022796 2.295465 -2.166344
v 0.017808 2.295336 -2.172787
v 0.024459 2.295509 -2.154252
v 0.017808 2.303497 -2.166254
v 0.013246 2.302980 -2.172426
v 0.019328 2.303669 -2.154252
v 0.019328 2.303669 -2.134369
v 0.024459 2.295509 -2.134369
v 0.019328 2.303669 -2.104556
v 0.024459 2.295509 -2.104556
v 0.019328 2.303669 -2.069713
v 0.024459 2.295509 -2.069713
v 0.019328 2.303669 -2.034737
v 0.026170 2.281655 -2.069713
v 0.024459 2.295509 -2.034737
v 0.019328 2.303669 -2.004534
v 0.026170 2.281655 -2.034737
v 0.024459 2.295509 -2.004534
v 0.019328 2.303669 -1.984003
v 0.026170 2.260147 -2.034737
v 0.026170 2.228818 -2.034737
v 0.026170 2.228496 -2.066045
v 0.026170 2.227350 -2.062219
v 0.026170 2.193209 -2.060525
v 0.026170 2.192972 -2.034737
v 0.026170 2.156679 -2.034737
v 0.026170 2.158369 -2.055786
v 0.026170 2.158352 -2.055784
v 0.026170 2.229024 -2.004534
v 0.026170 2.192972 -2.004534
v 0.026170 2.124831 -2.034737
v 0.026170 2.156679 -2.004534
v 0.026170 2.124831 -2.069713
v 0.026170 2.124831 -2.104556
v 0.026170 2.102113 -2.104556
v 0.026170 2.102113 -2.134369
v 0.026170 2.102113 -2.069713
v 0.026170 2.124831 -2.154252
v 0.024459 2.124831 -2.166376
v 0.019328 2.124831 -2.172914
v 0.026170 2.102113 -2.154252
v 0.024459 2.102113 -2.166376
v 0.019328 2.102113 -2.172914
v 0.024459 2.086808 -2.134369
v 0.022796 2.086863 -2.166344
v 0.017808 2.087028 -2.172787
v 0.024459 2.086808 -2.154252
v 0.017808 2.077416 -2.166254
v 0.013246 2.078074 -2.172426
v 0.019328 2.077197 -2.154252
v 0.019328 2.077197 -2.134369
v 0.024459 2.086808 -2.104556
v 0.019328 2.077197 -2.104556
v 0.024459 2.086808 -2.069713
v 0.019328 2.077197 -2.069713
v 0.026170 2.102113 -2.034737
v 0.024459 2.086808 -2.034737
v 0.019328 2.077197 -2.034737
v 0.026170 2.124831 -2.004534
v 0.026170 2.102113 -2.004534
v 0.024459 2.086808 -2.004534
v 0.019328 2.077197 -2.004534
v 0.024459 2.086808 -1.984003
v 0.019328 2.077197 -1.984003
v 0.026170 2.102113 -1.984003
v 0.022796 2.086863 -1.971140
v 0.017808 2.077416 -1.971249
v 0.024459 2.102113 -1.971100
v 0.024459 2.124831 -1.971100
v 0.026170 2.124831 -1.984003
v 0.024459 2.156679 -1.971100
v 0.026170 2.156679 -1.984003
v 0.026170 2.192972 -1.984003
v 0.026170 2.229024 -1.984003
v 0.024459 2.229024 -1.971100
v 0.024459 2.192972 -1.971100
v 0.024459 2.260147 -1.971100
v 0.026170 2.260147 -1.984003
v 0.024459 2.281655 -1.971100
v 0.026170 2.260147 -2.004534
v 0.026170 2.281655 -1.984003
v 0.026170 2.281655 -2.004534
v 0.024459 2.295509 -1.984003
v 0.022796 2.295465 -1.971140
v 0.017808 2.303497 -1.971249
v -0.057862 2.210423 -2.040641
v -0.057862 2.204106 -2.045924
v -0.057862 2.204085 -2.045943
v -0.000001 2.204085 -2.045943
v -0.000001 2.204106 -2.045924
v -0.057862 2.199301 -2.052612
v -0.000001 2.199301 -2.052612
v -0.000001 2.210423 -2.040641
v -0.000001 2.217916 -2.037039
v -0.057862 2.217916 -2.037039
v -0.000001 2.227226 -2.036381
v -0.057862 2.227226 -2.036381
v -0.000001 2.235575 -2.036737
v -0.057862 2.235575 -2.036737
v -0.000001 2.243571 -2.039105
v -0.057862 2.243571 -2.039105
v -0.046429 2.070181 -1.964376
v -0.028565 2.069179 -1.964085
v -0.028565 2.067581 -1.971174
v -0.048426 2.068677 -1.971249
v -0.061351 2.073156 -1.964668
v -0.028565 2.067049 -1.984003
v -0.064984 2.071958 -1.971322
v -0.070376 2.078074 -1.964376
v -0.049090 2.068176 -1.984003
v -0.066197 2.071559 -1.984003
v -0.066197 2.071559 -2.004534
v -0.049090 2.068176 -2.004534
v -0.028565 2.067049 -2.004534
v -0.028565 2.067049 -2.034737
v -0.049090 2.068176 -2.034737
v -0.028565 2.067049 -2.069713
v -0.066197 2.071559 -2.034737
v -0.049090 2.068176 -2.069713
v -0.028565 2.067049 -2.104556
v -0.066197 2.071559 -2.069713
v -0.049090 2.068176 -2.104556
v -0.028565 2.067049 -2.134369
v -0.066197 2.071559 -2.104556
v -0.049090 2.068176 -2.134369
v -0.028565 2.067049 -2.154252
v -0.066197 2.071559 -2.134369
v -0.049090 2.068176 -2.154252
v -0.066197 2.071559 -2.154252
v -0.064984 2.071958 -2.166194
v -0.061351 2.073156 -2.172180
v -0.048426 2.068677 -2.166254
v -0.028565 2.067581 -2.166313
v -0.046429 2.070181 -2.172426
v -0.056439 2.074775 -2.174248
v -0.028565 2.069179 -2.172661
v -0.045100 2.073156 -2.175142
v -0.028565 2.072358 -2.175584
v -0.061351 2.306843 -1.964668
v -0.048426 2.310361 -1.971249
v -0.046429 2.309180 -1.964376
v -0.064984 2.307784 -1.971322
v -0.070376 2.302980 -1.964376
v -0.066197 2.308098 -1.984003
v -0.049090 2.310755 -1.984003
v -0.066197 2.308098 -2.004534
v -0.028565 2.311641 -1.984003
v -0.028565 2.311222 -1.971174
v -0.028565 2.311641 -2.004534
v -0.049090 2.310755 -2.004534
v -0.028565 2.311641 -2.034737
v -0.049090 2.310755 -2.034737
v -0.028565 2.311641 -2.069713
v -0.066197 2.308098 -2.034737
v -0.049090 2.310755 -2.069713
v -0.028565 2.311641 -2.104556
v -0.066197 2.308098 -2.069713
v -0.049090 2.310755 -2.104556
v -0.028565 2.311641 -2.134369
v -0.066197 2.308098 -2.104556
v -0.049090 2.310755 -2.134369
v -0.028565 2.311641 -2.154252
v -0.066197 2.308098 -2.134369
v -0.049090 2.310755 -2.154252
v -0.066197 2.308098 -2.154252
v -0.064984 2.307784 -2.166194
v -0.048426 2.310361 -2.166254
v -0.028565 2.311222 -2.166313
v -0.061351 2.306843 -2.172180
v -0.061351 2.302636 -2.175142
v -0.056439 2.305572 -2.174248
v -0.046429 2.309180 -2.172426
v -0.028565 2.309968 -2.172661
v -0.045100 2.306843 -2.175142
v -0.028565 2.307470 -2.175584
v -0.028565 2.309968 -1.964085
v -0.028565 2.077635 -2.177343
v -0.046429 2.078074 -2.176787
v -0.028565 2.086918 -2.178224
v -0.048426 2.087028 -2.177618
v -0.028565 2.102113 -2.178519
v -0.061351 2.078512 -2.175142
v -0.064984 2.087137 -2.175802
v -0.049090 2.102113 -2.177895
v -0.066197 2.102113 -2.176026
v -0.066197 2.124831 -2.176026
v -0.049090 2.124831 -2.177895
v -0.028565 2.124831 -2.178519
v -0.066197 2.156679 -2.176026
v -0.049090 2.156679 -2.177895
v -0.028565 2.156679 -2.178519
v -0.066197 2.192972 -2.176026
v -0.049090 2.192972 -2.177895
v -0.028565 2.192972 -2.178519
v -0.066197 2.229024 -2.176026
v -0.049090 2.229024 -2.177895
v -0.028565 2.229024 -2.178519
v -0.066197 2.260147 -2.176026
v -0.049090 2.260147 -2.177895
v -0.028565 2.260147 -2.178519
v -0.066197 2.281655 -2.176026
v -0.049090 2.281655 -2.177895
v -0.028565 2.281655 -2.178519
v -0.064984 2.295250 -2.175802
v -0.048426 2.295336 -2.177618
v -0.028565 2.295423 -2.178224
v -0.046429 2.302980 -2.176787
v -0.028565 2.303325 -2.177343
v -0.078130 2.227588 -2.073877
v -0.078130 2.228577 -2.070013
v -0.078130 2.228496 -2.066045
v -0.078130 2.227350 -2.062220
v -0.035006 2.227350 -2.062219
v -0.035006 2.225212 -2.058775
v -0.078130 2.158335 -2.081909
v -0.023757 2.193477 -2.068342
v -0.023757 2.193476 -2.068341
v -0.023757 2.193474 -2.068338
v -0.023757 2.193472 -2.068338
v -0.023757 2.193469 -2.068337
v -0.078130 2.158372 -2.076778
v -0.078130 2.158397 -2.068846
v -0.078130 2.158382 -2.060917
v -0.078130 2.158352 -2.055784
v -0.010701 2.070181 -1.964376
v -0.008704 2.068677 -1.971249
v 0.004220 2.073156 -1.964668
v 0.007854 2.071958 -1.971322
v 0.013246 2.078074 -1.964376
v -0.008040 2.068176 -1.984003
v 0.009067 2.071559 -1.984003
v 0.009067 2.071559 -2.004534
v -0.008040 2.068176 -2.004534
v -0.008040 2.068176 -2.034737
v 0.009067 2.071559 -2.034737
v -0.008040 2.068176 -2.069713
v 0.009067 2.071559 -2.069713
v -0.008040 2.068176 -2.104556
v 0.009067 2.071559 -2.104556
v -0.008040 2.068176 -2.134369
v 0.009067 2.071559 -2.134369
v -0.008040 2.068176 -2.154252
v 0.009067 2.071559 -2.154252
v 0.007854 2.071958 -2.166194
v 0.004220 2.073156 -2.172180
v -0.008704 2.068677 -2.166254
v -0.010701 2.070181 -2.172426
v -0.000691 2.074775 -2.174248
v -0.012030 2.073156 -2.175142
v 0.004220 2.306843 -1.964668
v -0.010701 2.309180 -1.964376
v -0.008704 2.310361 -1.971249
v 0.007854 2.307784 -1.971322
v 0.013246 2.302980 -1.964376
v 0.009067 2.308098 -1.984003
v -0.008040 2.310755 -1.984003
v 0.009067 2.308098 -2.004534
v -0.008040 2.310755 -2.004534
v -0.008040 2.310755 -2.034737
v 0.009067 2.308098 -2.034737
v -0.008040 2.310755 -2.069713
v 0.009067 2.308098 -2.069713
v -0.008040 2.310755 -2.104556
v 0.009067 2.308098 -2.104556
v -0.008040 2.310755 -2.134369
v 0.009067 2.308098 -2.134369
v -0.008040 2.310755 -2.154252
v 0.009067 2.308098 -2.154252
v 0.007854 2.307784 -2.166194
v -0.008704 2.310361 -2.166254
v 0.004220 2.306843 -2.172180
v 0.004220 2.302636 -2.175142
v -0.000691 2.305572 -2.174248
v -0.010701 2.309180 -2.172426
v -0.012030 2.306843 -2.175142
v -0.010701 2.078074 -2.176787
v -0.008704 2.087028 -2.177618
v 0.004220 2.078512 -2.175142
v 0.007854 2.087137 -2.175802
v -0.008040 2.102113 -2.177895
v 0.009067 2.102113 -2.176026
v 0.009067 2.124831 -2.176026
v -0.008040 2.124831 -2.177895
v 0.009067 2.156679 -2.176026
v -0.008040 2.156679 -2.177895
v 0.009067 2.192972 -2.176026
v -0.008040 2.192972 -2.177895
v 0.009067 2.229024 -2.176026
v -0.008040 2.229024 -2.177895
v 0.009067 2.260147 -2.176026
v -0.008040 2.260147 -2.177895
v 0.009067 2.281655 -2.176026
v -0.008040 2.281655 -2.177895
v 0.007854 2.295250 -2.175802
v -0.008704 2.295336 -2.177618
v -0.010701 2.302980 -2.176787
v 0.020999 2.227588 -2.073877
v 0.020999 2.228577 -2.070013
v 0.020999 2.228496 -2.066045
v 0.020999 2.227350 -2.062220
v -0.022124 2.227350 -2.062219
v -0.022124 2.225212 -2.058775
v 0.020999 2.158335 -2.081909
v -0.033374 2.193477 -2.068342
v -0.033374 2.193476 -2.068341
v -0.033374 2.193474 -2.068338
v -0.033374 2.193472 -2.068338
v -0.033374 2.193469 -2.068337
v 0.020999 2.158372 -2.076778
v 0.020999 2.158397 -2.068846
v 0.020999 2.158382 -2.060917
v 0.020999 2.158352 -2.055784
v -0.057862 -0.002002 -1.749340
v -0.000001 -0.002002 -1.749340
v -0.000001 -0.002002 -1.849430
v -0.057862 -0.002002 -1.849430
v -0.057862 4.222219 -1.749340
v -0.000001 4.222219 -1.749340
v -0.057862 4.222219 -1.849430
v -0.000001 4.222219 -1.849430
v -0.057862 -0.002002 -1.141836
v -0.000001 -0.002002 -1.141836
v -0.000001 -0.002002 -1.241926
v -0.057862 -0.002002 -1.241926
v -0.057862 4.222219 -1.141836
v -0.000001 4.222219 -1.141836
v -0.057862 4.222219 -1.241926
v -0.000001 4.222219 -1.241926
v -0.057862 -0.002002 -0.534332
v -0.000001 -0.002002 -0.534332
v -0.000001 -0.002002 -0.634422
v -0.057862 -0.002002 -0.634422
v -0.057862 4.222219 -0.534332
v -0.000001 4.222219 -0.534332
v -0.057862 4.222219 -0.634422
v -0.000001 4.222219 -0.634422
v -0.054368 3.606607 -2.239002
v -0.003495 3.606607 -2.239002
v -0.003495 3.719668 -2.239002
v -0.054368 3.719668 -2.239002
v -0.054368 3.606607 -0.093466
v -0.003495 3.606607 -0.093466
v -0.054368 3.719668 -0.093466
v -0.003495 3.719668 -0.093466
v -0.057862 -0.002002 0.000000
v -0.000001 -0.002002 0.000000
v -0.000001 -0.002002 -0.100092
v -0.057862 -0.002002 -0.100092
v -0.057862 4.222219 -0.000000
v -0.000001 4.222219 -0.000000
v -0.057862 4.222219 -0.100092
v -0.000001 4.222219 -0.100092
v -0.057862 -0.002002 -2.238768
v -0.000001 -0.002002 -2.238768
v -0.000001 -0.002002 -2.338861
v -0.057862 -0.002002 -2.338861
v -0.057862 4.222219 -2.238768
v -0.000001 4.222219 -2.238768
v -0.057862 4.222219 -2.338861
v -0.000001 4.222219 -2.338861
v -0.054368 3.013182 -2.239002
v -0.003495 3.013182 -2.239002
v -0.003495 3.126243 -2.239002
v -0.054368 3.126243 -2.239002
v -0.054368 3.013182 -0.093466
v -0.003495 3.013182 -0.093466
v -0.054368 3.126243 -0.093466
v -0.003495 3.126243 -0.093466
v -0.057862 2.419757 -2.239002
v -0.000001 2.532818 -2.239002
v -0.057862 2.532818 -2.239002
v -0.000001 2.419757 -2.239002
v -0.000001 2.299773 -2.238905
v -0.057862 2.299773 -2.238905
v -0.000001 2.205716 -2.238945
v -0.057862 2.205716 -2.238945
v -0.000001 2.124769 -2.239058
v -0.057862 2.124769 -2.239058
v -0.000001 2.030002 -2.239100
v -0.057862 2.030002 -2.239100
v -0.000001 1.909755 -2.239002
v -0.057862 1.909755 -2.239002
v -0.057862 1.796693 -2.239002
v -0.000001 1.796693 -2.239002
v -0.054368 2.419757 -1.847672
v -0.054368 2.532818 -1.847672
v -0.057862 2.299509 -1.847847
v -0.057862 2.263097 -2.072178
v -0.057862 2.261172 -2.080092
v -0.057862 2.257284 -2.087292
v -0.057862 2.251679 -2.093325
v -0.057862 2.262940 -2.064047
v -0.057862 2.260709 -2.056208
v -0.057862 2.256546 -2.049156
v -0.057862 2.244708 -2.097811
v -0.057862 2.250711 -2.043333
v -0.057862 2.236810 -2.100470
v -0.057862 2.228481 -2.101134
v -0.057862 2.220243 -2.099760
v -0.057862 2.212615 -2.096436
v -0.057862 2.206077 -2.091372
v -0.057862 2.205346 -2.090430
v -0.057862 2.201038 -2.084883
v -0.057862 2.204742 -1.848163
v -0.057862 2.124692 -2.096544
v -0.057862 2.123795 -1.848551
v -0.057862 2.029738 -1.848864
v -0.054368 1.909755 -1.849039
v -0.057862 2.124725 -2.043026
v -0.057862 2.124764 -2.086031
v -0.057862 2.124784 -2.053541
v -0.057862 2.124813 -2.069786
v -0.054368 1.796693 -1.849039
v -0.054368 1.796693 -0.093466
v -0.054368 1.909755 -0.093466
v -0.003495 2.532818 -1.847672
v -0.003495 2.419757 -1.847672
v -0.000001 2.299509 -1.847847
v -0.000001 2.263097 -2.072178
v -0.000001 2.261172 -2.080092
v -0.000001 2.257284 -2.087292
v -0.000001 2.251679 -2.093325
v -0.000001 2.262940 -2.064047
v -0.000001 2.260709 -2.056208
v -0.000001 2.256546 -2.049156
v -0.000001 2.244708 -2.097811
v -0.000001 2.250711 -2.043333
v -0.000001 2.236810 -2.100470
v -0.000001 2.228481 -2.101134
v -0.000001 2.220243 -2.099760
v -0.000001 2.212615 -2.096436
v -0.000001 2.206077 -2.091372
v -0.000001 2.205346 -2.090430
v -0.000001 2.201038 -2.084883
v -0.000001 2.204742 -1.848163
v -0.000001 2.124692 -2.096544
v -0.000001 2.123795 -1.848551
v -0.000001 2.029738 -1.848864
v -0.003495 1.909755 -1.849039
v -0.003495 1.796693 -1.849039
v -0.003495 1.909755 -0.093466
v -0.003495 1.796693 -0.093466
v -0.000001 2.124725 -2.043026
v -0.000001 2.124764 -2.086031
v -0.000001 2.124784 -2.053541
v -0.000001 2.124813 -2.069786
v -0.054368 2.419757 -0.093466
v -0.054368 2.532818 -0.093466
v -0.003495 2.532818 -0.093466
v -0.003495 2.419757 -0.093466
v -0.054368 1.173629 -2.239002
v -0.003495 1.173629 -2.239002
v -0.003495 1.286690 -2.239002
v -0.054368 1.286690 -2.239002
v -0.054368 1.173629 -0.093466
v -0.003495 1.173629 -0.093466
v -0.054368 1.286690 -0.093466
v -0.003495 1.286690 -0.093466
v -0.054368 0.550565 -2.239002
v -0.003495 0.550565 -2.239002
v -0.003495 0.663626 -2.239002
v -0.054368 0.663626 -2.239002
v -0.054368 0.550565 -0.093466
v -0.003495 0.550565 -0.093466
v -0.054368 0.663626 -0.093466
v -0.003495 0.663626 -0.093466
v -0.054368 -0.002861 -2.239002
v -0.003495 -0.002861 -2.239002
v -0.003495 0.110200 -2.239002
v -0.054368 0.110200 -2.239002
v -0.054368 -0.002861 -0.093466
v -0.003495 -0.002861 -0.093466
v -0.054368 0.110200 -0.093466
v -0.003495 0.110200 -0.093466
v -0.054368 4.106325 -2.239002
v -0.003495 4.106325 -2.239002
v -0.003495 4.219385 -2.239002
v -0.054368 4.219385 -2.239002
v -0.054368 4.106325 -0.093466
v -0.003495 4.106325 -0.093466
v -0.054368 4.219385 -0.093466
v -0.003495 4.219385 -0.093466
v -0.012030 2.306843 -1.961092
v -0.028565 2.307470 -1.960560
v -0.028565 2.303325 -1.958435
v -0.000691 2.305572 -1.962173
v -0.010701 2.302980 -1.959103
v -0.028565 2.295423 -1.957369
v 0.004220 2.302636 -1.961092
v -0.008704 2.295336 -1.958099
v -0.028565 2.281655 -1.957014
v 0.007854 2.295250 -1.960293
v -0.008040 2.281655 -1.957766
v 0.017808 2.295336 -1.963934
v 0.009067 2.281655 -1.960026
v 0.019328 2.281655 -1.963791
v 0.019328 2.260147 -1.963791
v -0.008040 2.260147 -1.957766
v -0.028565 2.260147 -1.957014
v 0.009067 2.260147 -1.960026
v 0.019328 2.229024 -1.963791
v -0.008040 2.229024 -1.957766
v -0.028565 2.229024 -1.957014
v 0.009067 2.229024 -1.960026
v 0.019328 2.192972 -1.963791
v -0.008040 2.192972 -1.957766
v -0.028565 2.192972 -1.957014
v 0.009067 2.192972 -1.960026
v 0.019328 2.156679 -1.963791
v -0.008040 2.156679 -1.957766
v -0.028565 2.156679 -1.957014
v 0.009067 2.156679 -1.960026
v 0.019328 2.124831 -1.963791
v -0.008040 2.124831 -1.957766
v -0.028565 2.124831 -1.957014
v 0.009067 2.124831 -1.960026
v 0.019328 2.102113 -1.963791
v -0.008040 2.102113 -1.957766
v -0.028565 2.102113 -1.957014
v 0.009067 2.102113 -1.960026
v 0.017808 2.087028 -1.963934
v 0.007854 2.087137 -1.960293
v -0.008704 2.087028 -1.958099
v -0.028565 2.086918 -1.957369
v 0.004220 2.078512 -1.961092
v -0.010701 2.078074 -1.959103
v -0.028565 2.077635 -1.958435
v -0.000691 2.074775 -1.962173
v -0.012030 2.073156 -1.961092
v -0.028565 2.072358 -1.960560
v -0.045100 2.306843 -1.961092
v -0.056439 2.305572 -1.962173
v -0.046429 2.302980 -1.959103
v -0.061351 2.302636 -1.961092
v -0.048426 2.295336 -1.958099
v -0.064984 2.295250 -1.960293
v -0.049090 2.281655 -1.957766
v -0.074939 2.295336 -1.963934
v -0.066197 2.281655 -1.960026
v -0.076459 2.281655 -1.963791
v -0.076459 2.260147 -1.963791
v -0.049090 2.260147 -1.957766
v -0.066197 2.260147 -1.960026
v -0.076459 2.229024 -1.963791
v -0.049090 2.229024 -1.957766
v -0.066197 2.229024 -1.960026
v -0.076459 2.192972 -1.963791
v -0.049090 2.192972 -1.957766
v -0.066197 2.192972 -1.960026
v -0.076459 2.156679 -1.963791
v -0.049090 2.156679 -1.957766
v -0.066197 2.156679 -1.960026
v -0.076459 2.124831 -1.963791
v -0.049090 2.124831 -1.957766
v -0.066197 2.124831 -1.960026
v -0.076459 2.102113 -1.963791
v -0.049090 2.102113 -1.957766
v -0.066197 2.102113 -1.960026
v -0.074939 2.087028 -1.963934
v -0.064984 2.087137 -1.960293
v -0.048426 2.087028 -1.958099
v -0.061351 2.078512 -1.961092
v -0.046429 2.078074 -1.959103
v -0.056439 2.074775 -1.962173
v -0.045100 2.073156 -1.961092
vn -1.0000 -0.0000 -0.0000
vn -0.7814 0.0588 0.6212
vn -0.8535 -0.0750 0.5157
vn -0.1926 -0.1931 0.9621
vn -0.6693 0.2378 0.7039
vn -0.1553 0.0337 0.9873
vn -0.0816 0.4824 0.8721
vn -0.4915 0.4731 0.7312
vn -0.1179 0.2621 0.9578
vn -0.0000 -0.1915 0.9815
vn -0.0000 0.0407 0.9992
vn -0.0000 0.2709 0.9626
vn -0.0000 -0.4156 0.9095
vn -0.2283 -0.4091 0.8835
vn -0.0000 0.4906 0.8714
vn -0.0478 0.6822 0.7296
vn -0.0000 -0.1911 0.9816
vn -0.0000 0.2711 0.9626
vn -0.0000 0.4905 0.8715
vn -0.0000 -0.4156 0.9096
vn -0.0000 0.6883 0.7254
vn -0.0000 -0.6222 0.7828
vn -0.2606 -0.6040 0.7532
vn -0.0000 -0.6222 0.7829
vn -0.0000 0.6882 0.7255
vn -0.0000 0.7745 0.6326
vn -0.0000 0.7746 0.6324
vn -0.0337 0.7740 0.6323
vn -0.0000 -0.7983 0.6023
vn -0.2874 -0.7664 0.5745
vn -0.0000 -0.7982 0.6024
vn -0.8958 -0.1646 0.4129
vn -0.9235 -0.2292 0.3077
vn -0.9385 -0.2671 0.2189
vn -0.2771 0.7037 0.6542
vn -0.2143 0.7565 0.6179
vn -0.9479 -0.2920 0.1277
vn -0.9521 -0.3035 0.0370
vn -0.3164 -0.9424 0.1087
vn -0.3066 -0.8831 0.3552
vn -0.3156 -0.9375 -0.1467
vn -0.9519 -0.3024 -0.0502
vn -0.9521 0.3058 -0.0014
vn -0.9521 0.3059 -0.0022
vn -0.2738 0.9618 -0.0069
vn -0.3302 0.9439 -0.0045
vn -0.9521 0.3057 -0.0002
vn -0.3388 0.9408 -0.0006
vn -0.9521 0.3058 0.0009
vn -0.3312 0.9435 0.0033
vn -0.9521 0.3059 0.0018
vn -0.2786 0.9604 0.0057
vn -0.2447 0.7359 -0.6313
vn -0.0286 0.7979 -0.6021
vn -0.0518 0.7254 -0.6864
vn -0.1844 0.7845 -0.5921
vn -0.4634 0.5081 -0.7260
vn -0.1491 0.5366 -0.8306
vn -0.6500 0.2680 -0.7111
vn -0.7690 0.0816 -0.6340
vn -0.3110 0.2707 -0.9110
vn -0.4019 0.0515 -0.9142
vn -0.0000 0.2896 -0.9571
vn -0.0000 0.0757 -0.9971
vn -0.4839 -0.1520 -0.8618
vn -0.0000 0.5420 -0.8404
vn -0.0000 -0.1401 -0.9901
vn -0.0000 0.0752 -0.9972
vn -0.0000 0.2841 -0.9588
vn -0.0000 -0.0951 -0.9955
vn -0.0000 0.4154 -0.9096
vn -0.0000 -0.2707 -0.9627
vn 0.0001 0.5489 -0.8359
vn -0.0000 -0.3720 -0.9282
vn -0.0000 -0.4031 -0.9152
vn -0.4113 -0.3896 -0.8240
vn -0.3028 -0.5875 -0.7504
vn -0.0001 -0.5053 -0.8629
vn -0.0000 -0.5968 -0.8024
vn -0.0002 -0.6884 -0.7254
vn -0.0000 -0.7890 -0.6144
vn -0.0000 -0.7756 -0.6312
vn -0.0000 0.7300 -0.6834
vn 0.0004 0.6225 -0.7826
vn -0.0000 0.7605 -0.6493
vn -0.0000 0.7982 -0.6024
vn -0.9998 -0.0173 0.0019
vn -0.9986 -0.0000 -0.0534
vn -0.9389 -0.0000 -0.3442
vn -0.9990 -0.0449 -0.0000
vn -0.5312 -0.0000 -0.8473
vn -0.5311 -0.0000 -0.8473
vn -0.5312 -0.0000 -0.8472
vn -0.9394 0.0442 -0.3400
vn -0.5373 0.0265 -0.8430
vn -0.9976 -0.0446 -0.0530
vn -0.9395 -0.0412 -0.3401
vn -0.5370 -0.0246 -0.8432
vn -0.9147 -0.2435 -0.3224
vn -0.5425 -0.1528 -0.8260
vn -0.9638 -0.2620 -0.0502
vn -0.6918 -0.6758 -0.2544
vn -0.4694 -0.4874 -0.7363
vn -0.7075 -0.7056 -0.0385
vn -0.7038 -0.7104 -0.0000
vn -0.9643 -0.2648 -0.0000
vn -0.9990 -0.0450 -0.0000
vn -0.9639 -0.2620 0.0481
vn -0.7075 -0.7058 0.0369
vn -0.9977 -0.0446 0.0507
vn -0.9215 -0.2455 0.3009
vn -0.6947 -0.6791 0.2372
vn -0.9475 -0.0416 0.3170
vn -0.9472 -0.0000 0.3207
vn -0.9987 -0.0000 0.0511
vn -0.9472 -0.0000 0.3206
vn -0.9474 0.0446 0.3168
vn -0.9996 -0.0288 -0.0045
vn -0.9976 0.0479 0.0507
vn -0.9988 0.0483 -0.0000
vn -0.9548 0.2934 0.0476
vn -0.9143 0.2743 0.2981
vn -0.9988 0.0484 -0.0000
vn -0.6381 0.7692 0.0332
vn -0.6326 0.7435 0.2167
vn -0.9549 0.2968 -0.0000
vn -0.6331 0.7741 -0.0000
vn -0.9974 0.0479 -0.0529
vn -0.9547 0.2933 -0.0497
vn -0.6382 0.7691 -0.0347
vn -0.9077 0.2722 -0.3194
vn -0.6305 0.7404 -0.2330
vn -0.5417 0.1722 -0.8228
vn -0.4418 0.5560 -0.7040
vn 1.0000 -0.0000 -0.0000
vn 0.7814 0.0591 0.6212
vn 0.1926 -0.1932 0.9621
vn 0.8535 -0.0751 0.5157
vn 0.1553 0.0337 0.9873
vn 0.6693 0.2379 0.7039
vn -0.0000 -0.1912 0.9816
vn -0.0000 -0.4155 0.9096
vn 0.2283 -0.4091 0.8835
vn 0.2606 -0.6040 0.7532
vn 0.2875 -0.7664 0.5745
vn -0.0000 -0.1910 0.9816
vn -0.0000 0.2714 0.9625
vn 0.1179 0.2621 0.9578
vn -0.0000 0.4905 0.8714
vn 0.0815 0.4824 0.8722
vn 0.0477 0.6821 0.7297
vn -0.0000 0.6881 0.7256
vn -0.0000 0.7743 0.6328
vn 0.0337 0.7740 0.6323
vn 0.4915 0.4731 0.7312
vn 0.8958 -0.1647 0.4128
vn 0.9235 -0.2292 0.3077
vn 0.9385 -0.2672 0.2189
vn 0.2772 0.7036 0.6543
vn 0.2144 0.7563 0.6181
vn 0.2140 0.7565 0.6179
vn 0.9479 -0.2919 0.1277
vn 0.3164 -0.9424 0.1087
vn 0.9521 -0.3034 0.0370
vn 0.3066 -0.8831 0.3552
vn 0.3156 -0.9375 -0.1467
vn 0.9518 -0.3025 -0.0502
vn 0.9521 0.3058 -0.0014
vn 0.2738 0.9618 -0.0069
vn 0.9520 0.3059 -0.0022
vn 0.3303 0.9439 -0.0045
vn 0.9521 0.3057 -0.0002
vn 0.3388 0.9409 -0.0006
vn 0.9521 0.3057 0.0009
vn 0.3313 0.9435 0.0033
vn 0.9520 0.3060 0.0018
vn 0.9521 0.3059 0.0018
vn 0.2786 0.9604 0.0057
vn 0.2447 0.7358 -0.6315
vn 0.0286 0.7979 -0.6021
vn 0.1844 0.7844 -0.5922
vn 0.0518 0.7254 -0.6864
vn 0.4634 0.5079 -0.7261
vn 0.1492 0.5365 -0.8306
vn 0.6500 0.2677 -0.7112
vn 0.7690 0.0819 -0.6340
vn 0.3110 0.2708 -0.9110
vn 0.4019 0.0515 -0.9142
vn 0.4840 -0.1519 -0.8618
vn -0.0000 -0.2711 -0.9626
vn -0.0000 0.5489 -0.8359
vn -0.0000 -0.4032 -0.9151
vn 0.4113 -0.3896 -0.8241
vn 0.3028 -0.5875 -0.7504
vn 0.0001 -0.5054 -0.8629
vn 0.0002 -0.6882 -0.7255
vn -0.0004 0.6225 -0.7826
vn -0.0000 0.7982 -0.6023
vn -0.0000 0.7982 -0.6025
vn 1.0000 -0.0001 -0.0000
vn 0.9998 -0.0173 0.0019
vn 0.9986 -0.0000 -0.0534
vn 0.9389 -0.0000 -0.3442
vn 0.9988 0.0484 -0.0000
vn 0.9974 0.0479 -0.0529
vn 0.5312 -0.0000 -0.8473
vn 0.5311 -0.0000 -0.8473
vn 0.9394 0.0443 -0.3399
vn 0.5373 0.0265 -0.8430
vn 0.9077 0.2722 -0.3194
vn 0.5417 0.1722 -0.8228
vn 0.9547 0.2933 -0.0497
vn 0.6305 0.7404 -0.2330
vn 0.4418 0.5560 -0.7041
vn 0.6382 0.7691 -0.0347
vn 0.6331 0.7741 -0.0000
vn 0.9549 0.2968 -0.0000
vn 0.6381 0.7693 0.0332
vn 0.9996 -0.0290 -0.0045
vn 1.0000 0.0001 -0.0000
vn 0.9990 -0.0450 -0.0000
vn 0.9990 -0.0449 -0.0000
vn 0.9976 -0.0446 -0.0529
vn 0.9395 -0.0412 -0.3401
vn 0.5370 -0.0246 -0.8432
vn 0.9643 -0.2648 -0.0000
vn 0.9147 -0.2436 -0.3224
vn 0.5425 -0.1528 -0.8260
vn 0.9638 -0.2620 -0.0502
vn 0.6918 -0.6758 -0.2544
vn 0.4694 -0.4874 -0.7363
vn 0.7075 -0.7056 -0.0385
vn 0.7038 -0.7104 -0.0000
vn 0.9638 -0.2621 0.0481
vn 0.7075 -0.7058 0.0369
vn 0.9977 -0.0446 0.0507
vn 0.9215 -0.2455 0.3009
vn 0.6947 -0.6791 0.2371
vn 0.9475 -0.0416 0.3170
vn 0.9472 -0.0000 0.3207
vn 0.9987 -0.0000 0.0511
vn 0.9472 -0.0000 0.3206
vn 0.9474 0.0447 0.3168
vn 0.9976 0.0479 0.0507
vn 0.9988 0.0483 -0.0000
vn 0.9548 0.2934 0.0476
vn 0.9143 0.2744 0.2980
vn 0.6326 0.7435 0.2168
vn -0.0000 0.5412 -0.8409
vn -0.0000 0.7326 -0.6807
vn -0.0000 0.6416 -0.7670
vn -0.0000 0.7326 -0.6806
vn -0.0000 0.8125 -0.5829
vn -0.0000 0.8126 -0.5829
vn -0.0000 0.5416 -0.8406
vn -0.0000 0.2457 -0.9693
vn -0.0000 0.0170 -0.9999
vn -0.0000 -0.1645 -0.9864
vn -0.0000 -0.3994 -0.9168
vn -0.0000 -0.3998 -0.9166
vn -0.1086 -0.9092 0.4019
vn -0.0557 -0.9930 0.1045
vn -0.0575 -0.9139 0.4018
vn -0.1212 -0.9861 0.1136
vn -0.2671 -0.8449 0.4635
vn -0.0549 -0.9984 0.0159
vn -0.3164 -0.9370 0.1479
vn -0.5031 -0.5175 0.6921
vn -0.1198 -0.9927 0.0172
vn -0.3156 -0.9486 0.0225
vn -0.3130 -0.9497 -0.0000
vn -0.1190 -0.9929 -0.0000
vn -0.0548 -0.9985 -0.0000
vn -0.3130 -0.9498 -0.0000
vn -0.3131 -0.9497 -0.0000
vn -0.0550 -0.9984 -0.0166
vn -0.1198 -0.9926 -0.0179
vn -0.3157 -0.9486 -0.0235
vn -0.3161 -0.9353 -0.1590
vn -0.2570 -0.8221 -0.5080
vn -0.1212 -0.9851 -0.1224
vn -0.0555 -0.9921 -0.1127
vn -0.1052 -0.8890 -0.4457
vn -0.1438 -0.4790 -0.8660
vn -0.0557 -0.8928 -0.4470
vn -0.0707 -0.4846 -0.8719
vn -0.0446 -0.4866 -0.8725
vn -0.2217 0.8945 0.3882
vn -0.0885 0.9407 0.3274
vn -0.0958 0.9913 0.0899
vn -0.2551 0.9595 0.1197
vn -0.4719 0.5867 0.6582
vn -0.2530 0.9673 0.0180
vn -0.0944 0.9954 0.0135
vn -0.2506 0.9681 -0.0000
vn -0.0432 0.9990 0.0125
vn -0.0438 0.9956 0.0824
vn -0.0431 0.9991 -0.0000
vn -0.0937 0.9956 -0.0000
vn -0.0938 0.9956 -0.0000
vn -0.0432 0.9990 -0.0130
vn -0.0944 0.9954 -0.0141
vn -0.2531 0.9673 -0.0188
vn -0.2550 0.9583 -0.1288
vn -0.0959 0.9907 -0.0969
vn -0.0437 0.9951 -0.0889
vn -0.2148 0.8774 -0.4290
vn -0.1672 0.2607 -0.9508
vn -0.1328 0.5707 -0.8103
vn -0.0863 0.9267 -0.3658
vn -0.0455 0.9291 -0.3669
vn -0.0650 0.5757 -0.8151
vn -0.0417 0.5769 -0.8157
vn -0.0466 0.9438 0.3272
vn -0.0347 -0.1771 -0.9836
vn -0.0662 -0.1788 -0.9817
vn -0.0311 -0.0476 -0.9984
vn -0.0677 -0.0521 -0.9963
vn -0.0304 -0.0078 -0.9995
vn -0.1709 -0.2211 -0.9602
vn -0.1831 -0.0708 -0.9805
vn -0.0666 -0.0084 -0.9977
vn -0.1808 -0.0114 -0.9835
vn -0.1790 -0.0000 -0.9838
vn -0.0662 -0.0000 -0.9978
vn -0.0304 -0.0000 -0.9995
vn -0.1790 -0.0000 -0.9839
vn -0.1791 -0.0000 -0.9838
vn -0.1809 0.0123 -0.9834
vn -0.0666 0.0090 -0.9977
vn -0.0304 0.0084 -0.9995
vn -0.1833 0.0797 -0.9798
vn -0.0678 0.0586 -0.9960
vn -0.0310 0.0536 -0.9981
vn -0.0652 0.2124 -0.9750
vn -0.0342 0.2115 -0.9768
vn -0.5916 -0.1184 0.7975
vn -0.0776 -0.1465 0.9862
vn -0.0215 -0.1468 0.9889
vn -0.0000 -0.9269 0.3752
vn -0.0000 -0.9270 0.3750
vn -0.0000 -0.9934 0.1149
vn -0.0000 -0.9879 -0.1551
vn -0.0000 -0.9113 -0.4118
vn -0.0000 -0.9113 -0.4117
vn -0.3045 -0.8689 -0.3902
vn -0.2840 -0.7446 -0.6041
vn -0.0000 -0.1468 0.9892
vn -0.0005 -0.1468 0.9892
vn -0.0002 -0.1468 0.9892
vn -0.9469 -0.2889 -0.1414
vn -0.9368 -0.2624 -0.2315
vn -0.9207 -0.2220 -0.3210
vn -0.8912 -0.1535 -0.4269
vn -0.8460 -0.0590 -0.5299
vn -0.0000 1.0000 -0.0072
vn -0.0000 1.0000 -0.0052
vn -0.0000 1.0000 -0.0033
vn -0.0000 1.0000 -0.0006
vn -0.0000 1.0000 -0.0005
vn -0.0000 1.0000 0.0035
vn -0.0000 1.0000 0.0039
vn -0.0000 1.0000 0.0058
vn -0.0728 -0.1345 -0.9882
vn -0.5653 -0.1112 -0.8174
vn -0.0198 -0.1348 -0.9907
vn -0.0727 -0.1345 -0.9882
vn -0.5654 -0.1112 -0.8173
vn -0.5653 -0.1112 -0.8173
vn -0.0000 -0.1348 -0.9909
vn -0.0004 -0.1348 -0.9909
vn -0.0001 -0.1348 -0.9909
vn 0.1086 -0.9092 0.4019
vn 0.0575 -0.9139 0.4018
vn 0.0557 -0.9930 0.1045
vn 0.1212 -0.9861 0.1136
vn 0.2671 -0.8449 0.4635
vn 0.0550 -0.9984 0.0159
vn 0.3164 -0.9370 0.1479
vn 0.5031 -0.5175 0.6921
vn 0.1198 -0.9926 0.0172
vn 0.3156 -0.9486 0.0225
vn 0.3130 -0.9498 -0.0000
vn 0.1190 -0.9929 -0.0000
vn 0.0548 -0.9985 -0.0000
vn 0.3130 -0.9497 -0.0000
vn 0.0549 -0.9984 -0.0166
vn 0.1198 -0.9926 -0.0179
vn 0.3157 -0.9486 -0.0235
vn 0.3161 -0.9353 -0.1590
vn 0.2570 -0.8221 -0.5081
vn 0.1212 -0.9851 -0.1224
vn 0.0555 -0.9921 -0.1127
vn 0.1052 -0.8890 -0.4457
vn 0.1438 -0.4790 -0.8660
vn 0.0557 -0.8928 -0.4469
vn 0.0708 -0.4846 -0.8719
vn 0.0447 -0.4866 -0.8725
vn 0.2217 0.8945 0.3882
vn 0.0958 0.9913 0.0899
vn 0.0885 0.9407 0.3274
vn 0.2551 0.9595 0.1197
vn 0.4719 0.5867 0.6582
vn 0.2530 0.9673 0.0180
vn 0.0944 0.9954 0.0135
vn 0.2506 0.9681 -0.0000
vn 0.0432 0.9990 0.0125
vn 0.0438 0.9956 0.0824
vn 0.0431 0.9991 -0.0000
vn 0.0937 0.9956 -0.0000
vn 0.0938 0.9956 -0.0000
vn 0.0432 0.9990 -0.0130
vn 0.0944 0.9954 -0.0141
vn 0.2531 0.9673 -0.0188
vn 0.2550 0.9583 -0.1289
vn 0.0959 0.9907 -0.0969
vn 0.0437 0.9951 -0.0889
vn 0.2148 0.8774 -0.4290
vn 0.1672 0.2607 -0.9508
vn 0.1328 0.5707 -0.8103
vn 0.0863 0.9267 -0.3658
vn 0.0455 0.9291 -0.3669
vn 0.0650 0.5757 -0.8151
vn 0.0417 0.5769 -0.8157
vn 0.0466 0.9438 0.3272
vn 0.0347 -0.1771 -0.9836
vn 0.0662 -0.1788 -0.9817
vn 0.0311 -0.0476 -0.9984
vn 0.0677 -0.0521 -0.9963
vn 0.0304 -0.0077 -0.9995
vn 0.1709 -0.2211 -0.9602
vn 0.1831 -0.0708 -0.9805
vn 0.0666 -0.0084 -0.9977
vn 0.1808 -0.0114 -0.9834
vn 0.1790 -0.0000 -0.9838
vn 0.0662 -0.0000 -0.9978
vn 0.0304 -0.0000 -0.9995
vn 0.1791 -0.0000 -0.9838
vn 0.1809 0.0123 -0.9834
vn 0.0666 0.0090 -0.9977
vn 0.0304 0.0084 -0.9995
vn 0.1833 0.0797 -0.9798
vn 0.0678 0.0586 -0.9960
vn 0.0310 0.0536 -0.9981
vn 0.0652 0.2124 -0.9750
vn 0.0342 0.2115 -0.9768
vn 0.5917 -0.1183 0.7975
vn 0.0774 -0.1464 0.9862
vn 0.5917 -0.1183 0.7974
vn 0.5916 -0.1184 0.7975
vn 0.0215 -0.1468 0.9889
vn 0.0775 -0.1464 0.9862
vn -0.0000 -0.9270 0.3751
vn -0.0000 -0.9934 0.1148
vn 0.3045 -0.8689 -0.3902
vn 0.2841 -0.7446 -0.6040
vn 0.0001 -0.1469 0.9891
vn 0.0002 -0.1468 0.9892
vn 0.0003 -0.1468 0.9892
vn 0.0003 -0.1470 0.9891
vn 0.0001 -0.1471 0.9891
vn 0.9469 -0.2888 -0.1415
vn 0.9368 -0.2624 -0.2314
vn 0.9207 -0.2220 -0.3210
vn 0.8912 -0.1535 -0.4268
vn 0.8460 -0.0590 -0.5299
vn -0.0000 1.0000 0.0036
vn -0.0000 1.0000 0.0059
vn 0.0728 -0.1345 -0.9882
vn 0.5653 -0.1112 -0.8173
vn 0.0198 -0.1348 -0.9907
vn 0.0004 -0.1349 -0.9909
vn -0.0000 -1.0000 -0.0000
vn -0.0000 -0.0000 1.0000
vn -0.0000 -0.0000 -1.0000
vn -0.0000 1.0000 -0.0000
vn -0.0000 -0.0004 -1.0000
vn -0.0000 -0.0002 -1.0000
vn -0.0000 0.0009 -1.0000
vn -1.0000 0.0024 0.0021
vn -1.0000 -0.0000 0.0016
vn -1.0000 -0.0000 0.0089
vn -1.0000 0.0075 0.0066
vn -1.0000 0.0084 0.0026
vn -1.0000 -0.0082 0.0025
vn -1.0000 -0.0081 0.0025
vn -1.0000 -0.0075 0.0066
vn -1.0000 -0.0024 0.0021
vn -1.0000 0.0001 -0.0000
vn -1.0000 -0.0000 0.0090
vn 1.0000 0.0075 0.0066
vn 1.0000 -0.0000 0.0089
vn 1.0000 -0.0000 0.0016
vn 1.0000 0.0024 0.0021
vn 1.0000 0.0085 0.0026
vn 1.0000 0.0084 0.0026
vn 1.0000 -0.0081 0.0025
vn 1.0000 -0.0082 0.0025
vn 1.0000 -0.0024 0.0021
vn 1.0000 -0.0075 0.0066
vn 1.0000 -0.0000 0.0090
vn -0.0000 -0.0015 1.0000
vn -0.0000 -0.0024 1.0000
vn -0.0000 -0.0041 1.0000
vn -0.0000 -0.8128 0.5826
vn -0.0000 -0.6415 0.7671
vn -0.0000 -0.6419 0.7668
vn -0.0000 -0.4334 0.9012
vn -0.0000 -0.2008 0.9796
vn -0.0000 0.0428 0.9991
vn -0.0000 0.2841 0.9588
vn -0.0000 0.5098 0.8603
vn -0.0000 0.7063 0.7079
vn -0.0000 0.7065 0.7078
vn -0.0000 0.7899 0.6132
vn -0.0000 0.7898 0.6134
vn -0.0000 0.7900 0.6130
vn -0.0000 -0.9334 0.3587
vn -0.0000 -0.9335 0.3587
vn -0.0000 -0.9940 0.1095
vn -0.0000 -0.9940 0.1094
vn -0.0000 -0.9890 -0.1477
vn -0.0000 -0.9890 -0.1478
vn -0.0000 -0.9190 -0.3943
vn -0.0000 -0.9190 -0.3942
vn -0.0000 -0.7901 -0.6130
vn -0.0000 -0.6127 -0.7903
vn -0.0000 -0.6124 -0.7905
vn -0.0000 -0.1510 0.9885
vn -0.0000 1.0000 -0.0068
vn -0.0000 1.0000 -0.0049
vn -0.0000 1.0000 -0.0069
vn -0.0000 1.0000 -0.0044
vn -0.0000 1.0000 0.0037
vn -0.0000 1.0000 0.0056
vn -0.0000 -0.1275 -0.9918
vn 0.0736 0.6467 0.7592
vn 0.0468 0.6480 0.7602
vn 0.0408 0.2526 0.9667
vn 0.1499 0.6406 0.7531
vn 0.0778 0.2536 0.9642
vn 0.0373 0.0646 0.9972
vn 0.1979 0.3073 0.9308
vn 0.0817 0.0706 0.9942
vn 0.0367 0.0100 0.9993
vn 0.2194 0.0951 0.9710
vn 0.0803 0.0109 0.9967
vn 0.5900 0.1868 0.7855
vn 0.2170 0.0146 0.9761
vn 0.5895 0.0290 0.8072
vn 0.5840 -0.0000 0.8118
vn 0.0798 -0.0000 0.9968
vn 0.0366 -0.0000 0.9993
vn 0.2150 -0.0000 0.9766
vn 0.0797 -0.0000 0.9968
vn 0.5840 -0.0000 0.8117
vn 0.5893 -0.0270 0.8075
vn 0.0803 -0.0101 0.9967
vn 0.0367 -0.0093 0.9993
vn 0.2168 -0.0136 0.9761
vn 0.5914 -0.1662 0.7891
vn 0.2191 -0.0845 0.9720
vn 0.0816 -0.0627 0.9947
vn 0.0374 -0.0574 0.9977
vn 0.2030 -0.2618 0.9435
vn 0.0792 -0.2142 0.9736
vn 0.0415 -0.2123 0.9763
vn 0.1652 -0.5480 0.8200
vn 0.0814 -0.5551 0.8278
vn 0.0512 -0.5572 0.8288
vn -0.0736 0.6467 0.7592
vn -0.0468 0.6480 0.7602
vn -0.0408 0.2526 0.9667
vn -0.1499 0.6407 0.7530
vn -0.0778 0.2536 0.9642
vn -0.0373 0.0646 0.9972
vn -0.1979 0.3073 0.9308
vn -0.0817 0.0706 0.9942
vn -0.0367 0.0100 0.9993
vn -0.2194 0.0951 0.9710
vn -0.0803 0.0109 0.9967
vn -0.5900 0.1868 0.7855
vn -0.2170 0.0146 0.9761
vn -0.5895 0.0290 0.8072
vn -0.5840 -0.0000 0.8118
vn -0.0798 -0.0000 0.9968
vn -0.0366 -0.0000 0.9993
vn -0.2150 -0.0000 0.9766
vn -0.0797 -0.0000 0.9968
vn -0.5840 -0.0000 0.8117
vn -0.5893 -0.0270 0.8075
vn -0.0803 -0.0101 0.9967
vn -0.0367 -0.0093 0.9993
vn -0.2168 -0.0136 0.9761
vn -0.5914 -0.1662 0.7891
vn -0.2191 -0.0845 0.9720
vn -0.0816 -0.0627 0.9947
vn -0.0374 -0.0574 0.9977
vn -0.2030 -0.2618 0.9435
vn -0.0792 -0.2142 0.9736
vn -0.0415 -0.2123 0.9763
vn -0.1652 -0.5480 0.8200
vn -0.0814 -0.5551 0.8278
vn -0.0512 -0.5573 0.8288
vt 0.771967 0.688968
vt 0.766888 0.695355
vt 0.768838 0.692903
vt 0.144774 0.595214
vt 0.144778 0.595214
vt 0.187163 0.573141
vt 0.144767 0.595214
vt 0.178768 0.573141
vt 0.162780 0.573141
vt 0.144763 0.595214
vt 0.170468 0.573141
vt 0.187163 0.488535
vt 0.178768 0.488535
vt 0.170468 0.488535
vt 0.195122 0.488535
vt 0.195122 0.573141
vt 0.162780 0.488535
vt 0.156189 0.573141
vt 0.187163 0.478390
vt 0.178768 0.478390
vt 0.170468 0.478390
vt 0.162780 0.478390
vt 0.195122 0.478390
vt 0.156189 0.478390
vt 0.202148 0.488535
vt 0.202148 0.573141
vt 0.202148 0.478390
vt 0.156189 0.488535
vt 0.151111 0.478390
vt 0.151111 0.488535
vt 0.151111 0.573141
vt 0.207797 0.488535
vt 0.207797 0.573141
vt 0.207797 0.478390
vt 0.838289 0.898622
vt 0.866094 0.948968
vt 0.868642 0.941007
vt 0.838285 0.898627
vt 0.803209 0.898627
vt 0.803204 0.898630
vt 0.820948 0.961637
vt 0.803211 0.898622
vt 0.826723 0.955988
vt 0.831020 0.948963
vt 0.925989 0.898625
vt 0.948062 0.920266
vt 0.925989 0.898621
vt 0.948062 0.925119
vt 0.875314 0.920695
vt 0.896959 0.898621
vt 0.890746 0.898621
vt 0.686271 0.898624
vt 0.686268 0.898625
vt 0.689539 0.967487
vt 0.686273 0.898622
vt 0.697119 0.965546
vt 0.704017 0.961629
vt 0.716117 0.898622
vt 0.711603 0.967326
vt 0.719388 0.967484
vt 0.716113 0.898622
vt 0.578391 0.967484
vt 0.578398 0.967484
vt 0.604997 0.898622
vt 0.594929 0.898693
vt 0.578384 0.967484
vt 0.579367 0.898742
vt 0.578378 0.967484
vt 0.563810 0.898714
vt 0.578371 0.967484
vt 0.553738 0.898654
vt 0.993069 0.920695
vt 0.987328 0.898622
vt 0.982506 0.898622
vt 0.993072 0.920695
vt 0.998004 0.946760
vt 0.987445 0.924687
vt 0.981056 0.924687
vt 0.998008 0.946760
vt 0.064279 0.813981
vt 0.064283 0.813981
vt 0.047335 0.791908
vt 0.064272 0.813981
vt 0.039786 0.791908
vt 0.031541 0.791908
vt 0.039786 0.769494
vt 0.031541 0.769494
vt 0.023128 0.791908
vt 0.047335 0.769494
vt 0.053724 0.791908
vt 0.023128 0.769494
vt 0.031541 0.697157
vt 0.039786 0.697157
vt 0.023128 0.697157
vt 0.042682 0.697157
vt 0.018163 0.697157
vt 0.047335 0.697157
vt 0.015069 0.697157
vt 0.015069 0.769494
vt 0.015069 0.791908
vt 0.007872 0.791908
vt 0.007872 0.697157
vt 0.007872 0.707302
vt 0.004251 0.697157
vt 0.001992 0.697157
vt 0.001992 0.707302
vt 0.053724 0.707302
vt 0.049788 0.697157
vt 0.053724 0.697157
vt 0.058546 0.707302
vt 0.058546 0.791908
vt 0.058546 0.697157
vt 0.795468 0.609607
vt 0.778273 0.609583
vt 0.793829 0.609612
vt 0.819459 0.609491
vt 0.809391 0.609563
vt 0.863891 0.606242
vt 0.819450 0.609558
vt 0.863679 0.677747
vt 0.809307 0.677912
vt 0.863891 0.748179
vt 0.814502 0.689834
vt 0.808287 0.684756
vt 0.819355 0.696425
vt 0.822538 0.704112
vt 0.823853 0.712415
vt 0.823218 0.720809
vt 0.820669 0.728770
vt 0.816373 0.735795
vt 0.810597 0.741444
vt 0.803700 0.745362
vt 0.796119 0.747303
vt 0.922382 0.606242
vt 0.922382 0.677448
vt 0.863891 0.809241
vt 0.922382 0.748179
vt 0.922382 0.543757
vt 0.863891 0.543757
vt 0.961392 0.677448
vt 0.961392 0.748179
vt 0.961392 0.606242
vt 0.922382 0.809241
vt 0.961392 0.809241
vt 0.985179 0.748179
vt 0.985179 0.677448
vt 0.985179 0.809241
vt 0.961392 0.543757
vt 0.985179 0.606242
vt 0.922382 0.499187
vt 0.998006 0.748179
vt 0.998006 0.677448
vt 0.998006 0.809241
vt 0.998006 0.606242
vt 0.985179 0.543757
vt 0.998006 0.543757
vt 0.985179 0.851439
vt 0.998006 0.851439
vt 0.961392 0.499187
vt 0.985179 0.499187
vt 0.998006 0.499187
vt 0.985115 0.469267
vt 0.997757 0.469589
vt 0.961392 0.469159
vt 0.984939 0.450731
vt 0.997048 0.452022
vt 0.961392 0.450301
vt 0.922382 0.450301
vt 0.922382 0.469159
vt 0.863891 0.499187
vt 0.863891 0.469159
vt 0.863891 0.450301
vt 0.795530 0.543757
vt 0.726908 0.606242
vt 0.768201 0.609524
vt 0.768207 0.609558
vt 0.777504 0.677912
vt 0.795530 0.499187
vt 0.795530 0.469159
vt 0.795530 0.450301
vt 0.726908 0.543757
vt 0.726908 0.499187
vt 0.726908 0.469159
vt 0.726908 0.450301
vt 0.667652 0.469159
vt 0.667652 0.450301
vt 0.667652 0.499187
vt 0.667652 0.543757
vt 0.627372 0.469159
vt 0.627372 0.450301
vt 0.627372 0.499187
vt 0.602136 0.469267
vt 0.602348 0.450731
vt 0.602057 0.499187
vt 0.602057 0.543757
vt 0.627372 0.543757
vt 0.602057 0.606242
vt 0.627372 0.606242
vt 0.667652 0.606242
vt 0.627372 0.677448
vt 0.667652 0.677448
vt 0.726908 0.677448
vt 0.726908 0.747775
vt 0.667652 0.748179
vt 0.627372 0.748179
vt 0.602057 0.748179
vt 0.602057 0.677448
vt 0.602057 0.809241
vt 0.627372 0.809241
vt 0.602057 0.851439
vt 0.778355 0.684146
vt 0.764761 0.700009
vt 0.763440 0.702908
vt 0.761836 0.711150
vt 0.762178 0.719565
vt 0.763575 0.724531
vt 0.764445 0.727624
vt 0.768494 0.734819
vt 0.771930 0.738443
vt 0.774070 0.740700
vt 0.780827 0.744896
vt 0.788334 0.747145
vt 0.726908 0.809241
vt 0.795530 0.809374
vt 0.667652 0.809241
vt 0.627372 0.851439
vt 0.667652 0.851439
vt 0.627372 0.878619
vt 0.602136 0.878535
vt 0.726908 0.851439
vt 0.863891 0.851439
vt 0.627372 0.894630
vt 0.602348 0.894292
vt 0.667652 0.878619
vt 0.667652 0.894630
vt 0.726908 0.878619
vt 0.726908 0.894630
vt 0.795530 0.851439
vt 0.795530 0.878619
vt 0.795530 0.894630
vt 0.863891 0.878619
vt 0.863891 0.894630
vt 0.922382 0.851439
vt 0.922382 0.878619
vt 0.922382 0.894630
vt 0.961392 0.851439
vt 0.961392 0.878619
vt 0.961392 0.894630
vt 0.985115 0.878535
vt 0.984939 0.894292
vt 0.997757 0.878282
vt 0.997048 0.893279
vt 0.426306 0.898079
vt 0.426306 0.899407
vt 0.426306 0.899402
vt 0.438432 0.899402
vt 0.438432 0.899407
vt 0.426306 0.900409
vt 0.438432 0.900409
vt 0.438432 0.898079
vt 0.438432 0.896508
vt 0.426306 0.896508
vt 0.438432 0.894557
vt 0.426306 0.894557
vt 0.438432 0.892808
vt 0.426306 0.892808
vt 0.438432 0.891132
vt 0.426306 0.891132
vt 0.612207 0.969827
vt 0.637523 0.898622
vt 0.612207 0.898622
vt 0.637523 0.969827
vt 0.537007 0.881632
vt 0.501958 0.868296
vt 0.501958 0.882205
vt 0.540924 0.868149
vt 0.566282 0.881059
vt 0.501958 0.843125
vt 0.573410 0.868005
vt 0.583991 0.881632
vt 0.592942 0.868149
vt 0.542228 0.843125
vt 0.575790 0.843125
vt 0.595923 0.843125
vt 0.575790 0.802845
vt 0.595923 0.802845
vt 0.542228 0.802845
vt 0.501958 0.802845
vt 0.501958 0.743589
vt 0.542228 0.743589
vt 0.501958 0.674967
vt 0.575790 0.743589
vt 0.595923 0.743589
vt 0.542228 0.674967
vt 0.501958 0.606606
vt 0.575790 0.674967
vt 0.595923 0.674967
vt 0.542228 0.606606
vt 0.501958 0.548115
vt 0.575790 0.606606
vt 0.595923 0.606606
vt 0.542228 0.548115
vt 0.501958 0.509105
vt 0.575790 0.548115
vt 0.595923 0.548115
vt 0.595923 0.509105
vt 0.542228 0.509105
vt 0.575790 0.509105
vt 0.592942 0.485558
vt 0.573410 0.485675
vt 0.583991 0.473449
vt 0.566282 0.473930
vt 0.540924 0.485558
vt 0.501958 0.485441
vt 0.537007 0.473449
vt 0.556645 0.469874
vt 0.501958 0.472988
vt 0.534400 0.468120
vt 0.501958 0.467252
vt 0.372221 0.479536
vt 0.342946 0.478963
vt 0.346864 0.492445
vt 0.379349 0.492589
vt 0.389930 0.478963
vt 0.398882 0.492445
vt 0.381729 0.517469
vt 0.401862 0.517469
vt 0.401862 0.557749
vt 0.348167 0.517469
vt 0.381729 0.557749
vt 0.401862 0.617005
vt 0.307898 0.517469
vt 0.307898 0.492298
vt 0.307898 0.557749
vt 0.348167 0.557749
vt 0.307898 0.617005
vt 0.348167 0.617005
vt 0.307898 0.685627
vt 0.381729 0.617005
vt 0.401862 0.685627
vt 0.348167 0.685627
vt 0.307898 0.753988
vt 0.381729 0.685627
vt 0.401862 0.753988
vt 0.348167 0.753988
vt 0.307898 0.812479
vt 0.381729 0.753988
vt 0.401862 0.812479
vt 0.348167 0.812479
vt 0.307898 0.851489
vt 0.381729 0.812479
vt 0.401862 0.851489
vt 0.348167 0.851489
vt 0.381729 0.851489
vt 0.398882 0.875036
vt 0.379349 0.874919
vt 0.389930 0.887145
vt 0.346864 0.875036
vt 0.307898 0.875153
vt 0.372221 0.886664
vt 0.372221 0.892474
vt 0.362585 0.890720
vt 0.342946 0.887145
vt 0.307898 0.887607
vt 0.340339 0.892474
vt 0.307898 0.893342
vt 0.918461 0.937587
vt 0.905124 0.902539
vt 0.904549 0.937587
vt 0.918608 0.898621
vt 0.310534 0.452908
vt 0.310534 0.463261
vt 0.342975 0.461695
vt 0.345582 0.452047
vt 0.310534 0.434695
vt 0.365221 0.458520
vt 0.349500 0.434479
vt 0.310534 0.404882
vt 0.374857 0.451186
vt 0.374857 0.461695
vt 0.392566 0.452047
vt 0.381985 0.434264
vt 0.401518 0.434479
vt 0.350803 0.404882
vt 0.384365 0.404882
vt 0.404498 0.404882
vt 0.384365 0.360312
vt 0.404498 0.360312
vt 0.350803 0.360312
vt 0.310534 0.360312
vt 0.384365 0.297826
vt 0.404498 0.297826
vt 0.350803 0.297826
vt 0.310534 0.297826
vt 0.384365 0.226621
vt 0.404498 0.226621
vt 0.350803 0.226621
vt 0.310534 0.226621
vt 0.384365 0.155889
vt 0.404498 0.155889
vt 0.350803 0.155889
vt 0.310534 0.155889
vt 0.384365 0.094828
vt 0.404498 0.094828
vt 0.404498 0.052630
vt 0.350803 0.094828
vt 0.310534 0.094828
vt 0.384365 0.052630
vt 0.401518 0.025787
vt 0.350803 0.052630
vt 0.310534 0.052630
vt 0.381985 0.025956
vt 0.392566 0.010790
vt 0.374857 0.011466
vt 0.349500 0.025787
vt 0.310534 0.025618
vt 0.345582 0.010790
vt 0.365221 0.005706
vt 0.310534 0.010114
vt 0.342975 0.003212
vt 0.310534 0.001981
vt 0.593825 0.973887
vt 0.578391 0.967531
vt 0.243856 0.907478
vt 0.250754 0.897333
vt 0.243856 0.897333
vt 0.250754 0.907478
vt 0.243856 0.992084
vt 0.250754 0.992084
vt 0.258336 0.907478
vt 0.258336 0.897333
vt 0.258336 0.992084
vt 0.266120 0.897333
vt 0.266120 0.907478
vt 0.266120 0.992084
vt 0.273625 0.897333
vt 0.273625 0.907478
vt 0.273625 0.992084
vt 0.280384 0.907478
vt 0.280384 0.897333
vt 0.280384 0.992084
vt 0.285960 0.992084
vt 0.285956 0.907478
vt 0.075845 0.573141
vt 0.075845 0.488535
vt 0.075845 0.478390
vt 0.758204 0.898644
vt 0.746186 0.965100
vt 0.753694 0.967348
vt 0.758201 0.898643
vt 0.739430 0.960904
vt 0.758199 0.898640
vt 0.758193 0.898637
vt 0.733854 0.955023
vt 0.758191 0.898632
vt 0.729804 0.947827
vt 0.758190 0.898627
vt 0.727538 0.939769
vt 0.758190 0.898622
vt 0.727196 0.931354
vt 0.333771 0.992084
vt 0.343839 0.992084
vt 0.343839 0.907478
vt 0.333771 0.907478
vt 0.343839 0.897333
vt 0.333771 0.897333
vt 0.318208 0.992084
vt 0.319844 0.897333
vt 0.318208 0.907478
vt 0.318208 0.897333
vt 0.302651 0.992084
vt 0.302651 0.897333
vt 0.302651 0.907478
vt 0.292579 0.992084
vt 0.292579 0.907478
vt 0.292579 0.897333
vt 0.144265 0.478390
vt 0.075911 0.478390
vt 0.563893 0.973276
vt 0.578378 0.967531
vt 0.133168 0.791908
vt 0.133168 0.707302
vt 0.133168 0.697157
vt 0.133135 0.697157
vt 0.064781 0.697157
vt 0.081708 0.912107
vt 0.093834 0.891132
vt 0.093834 0.912107
vt 0.081708 0.891132
vt 0.133232 0.887221
vt 0.145358 0.001992
vt 0.145358 0.887221
vt 0.133232 0.001992
vt 0.199433 0.887221
vt 0.178458 0.001992
vt 0.199433 0.001992
vt 0.178458 0.887221
vt 0.166333 0.887221
vt 0.166333 0.001992
vt 0.075697 0.891132
vt 0.063572 0.912107
vt 0.063572 0.891132
vt 0.075697 0.912107
vt 0.045435 0.912107
vt 0.057560 0.891132
vt 0.057560 0.912107
vt 0.045435 0.891132
vt 0.209614 0.887221
vt 0.221739 0.001992
vt 0.221739 0.887221
vt 0.209614 0.001992
vt 0.275814 0.887221
vt 0.254839 0.001992
vt 0.275814 0.001992
vt 0.254839 0.887221
vt 0.242714 0.887221
vt 0.242714 0.001992
vt 0.039423 0.891132
vt 0.027298 0.912107
vt 0.027298 0.891132
vt 0.039423 0.912107
vt 0.009161 0.912107
vt 0.021287 0.891132
vt 0.021287 0.912107
vt 0.009161 0.891132
vt 0.285995 0.887221
vt 0.298120 0.001992
vt 0.298120 0.887221
vt 0.285995 0.001992
vt 0.352195 0.887221
vt 0.331221 0.001992
vt 0.352195 0.001992
vt 0.331220 0.887221
vt 0.319095 0.887221
vt 0.319095 0.001992
vt 0.014077 0.916018
vt 0.001952 0.936993
vt 0.001952 0.916018
vt 0.014077 0.936993
vt 0.408169 0.914825
vt 0.420295 0.891132
vt 0.420295 0.914825
vt 0.408169 0.891132
vt 0.856945 0.451611
vt 0.869070 0.001992
vt 0.869070 0.451611
vt 0.856945 0.001992
vt 0.928582 0.451611
vt 0.904889 0.001992
vt 0.928582 0.001992
vt 0.904889 0.451611
vt 0.892763 0.451611
vt 0.892763 0.001992
vt 0.402158 0.891132
vt 0.390033 0.914825
vt 0.390033 0.891132
vt 0.402158 0.914825
vt 0.154255 0.912107
vt 0.166381 0.891132
vt 0.166381 0.912107
vt 0.154255 0.891132
vt 0.362376 0.001992
vt 0.374502 0.887221
vt 0.362376 0.887221
vt 0.374502 0.001992
vt 0.407603 0.001992
vt 0.428578 0.887221
vt 0.407603 0.887221
vt 0.428578 0.001992
vt 0.395477 0.001992
vt 0.395477 0.887221
vt 0.148244 0.891132
vt 0.136118 0.912107
vt 0.136118 0.891132
vt 0.148244 0.912107
vt 0.117982 0.912107
vt 0.130107 0.891132
vt 0.130107 0.912107
vt 0.117982 0.891132
vt 0.438757 0.887221
vt 0.450883 0.001992
vt 0.450883 0.887221
vt 0.438757 0.001992
vt 0.504959 0.887221
vt 0.483984 0.001992
vt 0.504959 0.001992
vt 0.483984 0.887221
vt 0.471858 0.887221
vt 0.471858 0.001992
vt 0.111970 0.891132
vt 0.099845 0.912107
vt 0.099845 0.891132
vt 0.111970 0.912107
vt 0.263075 0.914825
vt 0.275201 0.891132
vt 0.275201 0.914825
vt 0.263075 0.891132
vt 0.942003 0.905141
vt 0.954129 0.455522
vt 0.954129 0.905141
vt 0.942003 0.455522
vt 0.918310 0.455522
vt 0.918310 0.905141
vt 0.989947 0.455522
vt 0.977822 0.905141
vt 0.977822 0.455522
vt 0.989947 0.905141
vt 0.257064 0.891132
vt 0.244939 0.914825
vt 0.244939 0.891132
vt 0.257064 0.914825
vt 0.480717 0.479236
vt 0.480717 0.455542
vt 0.492842 0.455542
vt 0.492842 0.479236
vt 0.492842 0.504380
vt 0.480717 0.504380
vt 0.492842 0.524090
vt 0.480717 0.524090
vt 0.492842 0.541053
vt 0.480717 0.541053
vt 0.492842 0.560913
vt 0.480717 0.560913
vt 0.492842 0.586112
vt 0.480717 0.586112
vt 0.480717 0.609805
vt 0.492842 0.609805
vt 0.610095 0.369604
vt 0.633788 0.369604
vt 0.633788 0.451611
vt 0.610095 0.451611
vt 0.584951 0.451591
vt 0.584896 0.369641
vt 0.577266 0.416651
vt 0.576862 0.418310
vt 0.576047 0.419819
vt 0.574873 0.421083
vt 0.577232 0.414948
vt 0.576765 0.413305
vt 0.575893 0.411827
vt 0.573412 0.422023
vt 0.574670 0.410607
vt 0.571757 0.422580
vt 0.573174 0.409721
vt 0.570011 0.422719
vt 0.571498 0.409225
vt 0.568285 0.422432
vt 0.566687 0.421735
vt 0.565316 0.420674
vt 0.569748 0.409150
vt 0.567797 0.409288
vt 0.566227 0.410042
vt 0.565241 0.451599
vt 0.565163 0.420476
vt 0.564260 0.419314
vt 0.565037 0.369707
vt 0.548277 0.451623
vt 0.564903 0.411150
vt 0.548261 0.421758
vt 0.548073 0.369788
vt 0.528418 0.451632
vt 0.528363 0.369854
vt 0.503219 0.451611
vt 0.503219 0.369890
vt 0.548268 0.410542
vt 0.548276 0.419555
vt 0.563896 0.412551
vt 0.564899 0.411153
vt 0.548281 0.412746
vt 0.548286 0.416150
vt 0.479526 0.369890
vt 0.479526 0.451611
vt 0.479526 0.001992
vt 0.503219 0.001992
vt 0.645913 0.369604
vt 0.645914 0.451611
vt 0.669607 0.451611
vt 0.669606 0.369603
vt 0.694806 0.369640
vt 0.694751 0.451590
vt 0.702436 0.416651
vt 0.702840 0.418309
vt 0.703655 0.419818
vt 0.704829 0.421082
vt 0.702469 0.414947
vt 0.702937 0.413304
vt 0.703809 0.411826
vt 0.706290 0.422023
vt 0.705032 0.410606
vt 0.707945 0.422580
vt 0.706528 0.409720
vt 0.709691 0.422719
vt 0.708204 0.409224
vt 0.711417 0.422431
vt 0.713015 0.421734
vt 0.714386 0.420673
vt 0.709953 0.409149
vt 0.711904 0.409287
vt 0.713475 0.410042
vt 0.714461 0.451599
vt 0.714539 0.420476
vt 0.715442 0.419313
vt 0.714665 0.369706
vt 0.731425 0.451622
vt 0.714799 0.411149
vt 0.731441 0.421757
vt 0.731628 0.369787
vt 0.751339 0.369853
vt 0.751284 0.451631
vt 0.776483 0.369889
vt 0.776483 0.451610
vt 0.800176 0.451610
vt 0.800176 0.369889
vt 0.776480 0.001991
vt 0.800173 0.001991
vt 0.731434 0.410542
vt 0.731426 0.419554
vt 0.715806 0.412550
vt 0.714803 0.411153
vt 0.731421 0.412745
vt 0.731415 0.416149
vt 0.424056 0.533533
vt 0.447749 0.901145
vt 0.424056 0.901145
vt 0.447749 0.533533
vt 0.459874 0.901145
vt 0.447746 0.533533
vt 0.459871 0.533533
vt 0.483567 0.901144
vt 0.483564 0.533533
vt 0.474705 0.998008
vt 0.462580 0.998008
vt 0.462580 0.972809
vt 0.474705 0.972809
vt 0.462580 0.952950
vt 0.474705 0.952950
vt 0.462580 0.935986
vt 0.474705 0.935986
vt 0.462580 0.916276
vt 0.474705 0.916276
vt 0.462580 0.891132
vt 0.474705 0.891132
vt 0.495690 0.533533
vt 0.495693 0.901144
vt 0.384021 0.891132
vt 0.371896 0.914825
vt 0.371896 0.891132
vt 0.384021 0.914825
vt 0.467400 0.451611
vt 0.467400 0.369890
vt 0.467400 0.001992
vt 0.764355 0.001991
vt 0.764357 0.369889
vt 0.293338 0.891132
vt 0.281212 0.914825
vt 0.281212 0.891132
vt 0.293338 0.914825
vt 0.444443 0.918918
vt 0.456569 0.917743
vt 0.456569 0.918918
vt 0.444443 0.917743
vt 0.456569 0.916283
vt 0.444443 0.916283
vt 0.456569 0.914627
vt 0.444443 0.914627
vt 0.456569 0.912882
vt 0.444443 0.912882
vt 0.456569 0.911156
vt 0.444443 0.911156
vt 0.456569 0.909557
vt 0.444443 0.909557
vt 0.456569 0.908187
vt 0.444443 0.908187
vt 0.444443 0.908034
vt 0.456569 0.908034
vt 0.444443 0.907131
vt 0.456569 0.907131
vt 0.022747 0.928143
vt 0.021238 0.928143
vt 0.021238 0.916018
vt 0.022747 0.916018
vt 0.024405 0.928143
vt 0.024405 0.916018
vt 0.026109 0.928143
vt 0.026109 0.916018
vt 0.027752 0.928143
vt 0.027752 0.916018
vt 0.029230 0.928143
vt 0.029230 0.916018
vt 0.030450 0.928143
vt 0.030450 0.916018
vt 0.031336 0.928143
vt 0.031336 0.916018
vt 0.456569 0.891132
vt 0.444443 0.891132
vt 0.049639 0.928143
vt 0.047436 0.916018
vt 0.049639 0.916018
vt 0.047436 0.928143
vt 0.044032 0.916018
vt 0.044032 0.928143
vt 0.040627 0.916018
vt 0.040627 0.928143
vt 0.038424 0.916018
vt 0.038424 0.928143
vt 0.426306 0.916037
vt 0.438432 0.916037
vt 0.353759 0.914825
vt 0.365885 0.891132
vt 0.365885 0.914825
vt 0.353759 0.891132
vt 0.810047 0.905141
vt 0.822173 0.455522
vt 0.822172 0.905141
vt 0.810047 0.455522
vt 0.881685 0.905141
vt 0.857991 0.455522
vt 0.881684 0.455522
vt 0.857991 0.905141
vt 0.845866 0.905141
vt 0.845866 0.455522
vt 0.347748 0.891132
vt 0.335623 0.914825
vt 0.335623 0.891132
vt 0.347748 0.914825
vt 0.226802 0.914825
vt 0.238927 0.891132
vt 0.238927 0.914825
vt 0.226802 0.891132
vt 0.714365 0.905162
vt 0.726490 0.455542
vt 0.726490 0.905162
vt 0.714365 0.455542
vt 0.786002 0.905162
vt 0.762309 0.455542
vt 0.786002 0.455542
vt 0.762309 0.905162
vt 0.750184 0.905162
vt 0.750184 0.455542
vt 0.329611 0.891132
vt 0.317486 0.914825
vt 0.317486 0.891132
vt 0.329611 0.914825
vt 0.208665 0.914825
vt 0.220791 0.891132
vt 0.220791 0.914825
vt 0.208665 0.891132
vt 0.618683 0.905161
vt 0.630808 0.455542
vt 0.630808 0.905161
vt 0.618683 0.455542
vt 0.690320 0.905162
vt 0.666627 0.455542
vt 0.690320 0.455542
vt 0.666627 0.905162
vt 0.654501 0.905161
vt 0.654501 0.455542
vt 0.311475 0.891132
vt 0.299349 0.914825
vt 0.299349 0.891132
vt 0.311475 0.914825
vt 0.190529 0.914825
vt 0.202654 0.891132
vt 0.202654 0.914825
vt 0.190529 0.891132
vt 0.546802 0.905162
vt 0.558927 0.455542
vt 0.558927 0.905162
vt 0.546802 0.455542
vt 0.523109 0.455542
vt 0.523109 0.905162
vt 0.594745 0.455542
vt 0.582620 0.905162
vt 0.582620 0.455542
vt 0.594746 0.905162
vt 0.184517 0.891132
vt 0.172392 0.914825
vt 0.172392 0.891132
vt 0.184517 0.914825
vt 0.106024 0.474398
vt 0.138466 0.468268
vt 0.141072 0.472853
vt 0.106024 0.469499
vt 0.106024 0.461366
vt 0.160711 0.465774
vt 0.170347 0.468268
vt 0.141072 0.460690
vt 0.106024 0.445862
vt 0.170347 0.460014
vt 0.188056 0.460690
vt 0.144990 0.445693
vt 0.106024 0.418850
vt 0.177476 0.445524
vt 0.146293 0.418850
vt 0.197008 0.445693
vt 0.197008 0.461703
vt 0.206794 0.445946
vt 0.179855 0.418850
vt 0.199988 0.418850
vt 0.210056 0.418850
vt 0.210056 0.376652
vt 0.199988 0.376652
vt 0.210056 0.315590
vt 0.146293 0.376652
vt 0.106024 0.376652
vt 0.179855 0.376652
vt 0.199988 0.315590
vt 0.210056 0.244859
vt 0.146293 0.315590
vt 0.106024 0.315590
vt 0.179855 0.315590
vt 0.199988 0.244859
vt 0.210056 0.173653
vt 0.146293 0.244859
vt 0.106024 0.244859
vt 0.179855 0.244859
vt 0.199988 0.173653
vt 0.210056 0.111168
vt 0.146293 0.173653
vt 0.106024 0.173653
vt 0.179855 0.173653
vt 0.199988 0.111168
vt 0.210056 0.066598
vt 0.146293 0.111168
vt 0.106024 0.111168
vt 0.179855 0.111168
vt 0.199988 0.066598
vt 0.206794 0.036678
vt 0.146293 0.066598
vt 0.106024 0.066598
vt 0.179855 0.066598
vt 0.197008 0.037000
vt 0.197008 0.018142
vt 0.188056 0.019433
vt 0.177476 0.037215
vt 0.144990 0.037000
vt 0.106024 0.036785
vt 0.170347 0.020293
vt 0.170347 0.009785
vt 0.141072 0.019433
vt 0.106024 0.018572
vt 0.160711 0.012960
vt 0.141072 0.003948
vt 0.138466 0.009785
vt 0.106024 0.008218
vt 0.106024 0.001981
s 1
usemtl Metal_B
f 1/1/1 3/2/1 2/3/1
f 4/4/2 6/5/3 5/6/4
f 7/7/5 4/4/2 8/8/6
f 7/7/5 10/9/7 9/10/8
f 4/4/2 5/6/4 8/8/6
f 7/7/5 8/8/6 11/11/9
f 7/7/5 11/11/9 10/9/7
f 8/8/6 5/6/4 12/12/10
f 11/11/9 8/8/6 13/13/11
f 8/8/6 12/12/10 13/13/11
f 10/9/7 11/11/9 14/14/12
f 11/11/9 13/13/11 14/14/12
f 5/6/4 15/15/13 12/12/10
f 5/6/4 16/16/14 15/15/13
f 10/9/7 14/14/12 17/17/15
f 18/18/16 10/9/7 17/17/15
f 13/13/11 12/12/10 19/19/17
f 19/19/17 12/12/10 15/15/13
f 13/13/11 19/19/17 20/20/11
f 21/21/18 13/13/11 20/20/11
f 21/21/18 14/14/12 13/13/11
f 22/22/19 14/14/12 21/21/18
f 22/22/19 17/17/15 14/14/12
f 19/19/17 15/15/13 23/23/20
f 24/24/21 17/17/15 22/22/19
f 16/16/14 25/25/22 15/15/13
f 23/23/20 15/15/13 25/25/22
f 16/16/14 26/26/23 25/25/22
f 23/23/20 25/25/22 27/27/24
f 24/24/21 28/28/25 17/17/15
f 29/29/26 28/28/25 24/24/21
f 18/18/16 17/17/15 28/28/25
f 29/29/26 30/30/27 28/28/25
f 31/31/28 18/18/16 28/28/25
f 31/31/28 28/28/25 30/30/27
f 26/26/23 32/32/29 25/25/22
f 27/27/24 25/25/22 32/32/29
f 26/26/23 33/33/30 32/32/29
f 27/27/24 32/32/29 34/34/31
f 6/35/3 16/36/14 5/37/4
f 6/35/3 35/38/32 16/36/14
f 36/39/33 37/40/34 33/41/30
f 35/42/32 36/39/33 26/43/23
f 35/42/32 26/43/23 16/44/14
f 36/39/33 33/41/30 26/43/23
f 9/45/8 18/46/16 38/47/35
f 9/45/8 10/48/7 18/46/16
f 39/49/36 18/50/16 31/51/28
f 39/49/36 38/49/35 18/50/16
f 40/52/37 42/53/38 41/54/39
f 37/55/34 40/52/37 43/56/40
f 37/55/34 43/56/40 33/57/30
f 40/52/37 41/54/39 43/56/40
f 42/58/38 44/59/41 41/60/39
f 42/58/38 45/61/42 44/59/41
f 46/62/43 48/63/44 47/64/45
f 46/62/43 47/64/45 49/65/46
f 50/66/47 46/62/43 49/65/46
f 50/66/47 49/65/46 51/67/48
f 52/68/49 50/66/47 51/67/48
f 52/68/49 51/67/48 53/69/50
f 54/70/51 52/68/49 53/69/50
f 54/70/51 53/69/50 55/71/52
f 56/72/53 58/73/54 57/74/55
f 56/72/53 59/75/56 58/73/54
f 60/76/57 57/77/55 61/78/58
f 60/76/57 56/79/53 57/77/55
f 62/80/59 60/81/57 61/82/58
f 63/83/60 62/80/59 64/84/61
f 63/83/60 64/84/61 65/85/62
f 62/80/59 61/82/58 64/84/61
f 65/85/62 64/84/61 66/86/63
f 61/82/58 66/86/63 64/84/61
f 65/85/62 66/86/63 67/87/64
f 68/88/65 65/85/62 67/87/64
f 61/82/58 69/89/66 66/86/63
f 69/89/66 61/82/58 57/90/55
f 68/88/65 67/87/64 70/91/67
f 71/92/68 67/87/64 66/86/63
f 70/91/67 67/87/64 71/92/68
f 71/92/68 66/86/63 72/93/69
f 72/93/69 66/86/63 69/89/66
f 70/91/67 71/92/68 73/94/70
f 72/93/69 69/89/66 74/95/71
f 75/96/72 70/91/67 73/94/70
f 74/95/71 69/89/66 3/97/73
f 76/98/74 70/91/67 75/96/72
f 68/88/65 70/91/67 77/99/75
f 76/98/74 77/99/75 70/91/67
f 68/88/65 77/99/75 78/100/76
f 79/101/77 78/100/76 77/99/75
f 80/102/78 77/99/75 76/98/74
f 79/101/77 77/99/75 81/103/79
f 80/102/78 81/103/79 77/99/75
f 82/104/80 81/103/79 80/102/78
f 83/105/81 81/103/79 82/104/80
f 83/105/81 84/106/82 81/103/79
f 3/97/73 69/89/66 85/107/83
f 3/97/73 85/107/83 2/108/84
f 69/89/66 57/90/55 85/107/83
f 2/108/84 85/107/83 1/109/85
f 57/90/55 86/110/86 85/107/83
f 1/109/85 85/107/83 86/110/86
f 57/90/55 58/111/54 86/110/86
f 1/109/85 86/110/86 87/112/86
f 88/113/1 90/114/1 89/115/1
f 91/116/1 88/113/1 92/117/1
f 93/118/1 88/113/1 91/116/1
f 94/119/1 93/118/1 91/116/1
f 94/119/1 95/120/1 93/118/1
f 94/119/1 96/121/1 95/120/1
f 96/121/1 97/122/1 95/120/1
f 97/122/1 96/121/1 24/123/1
f 24/123/1 96/121/1 29/124/1
f 97/122/1 24/123/1 22/125/1
f 97/122/1 22/125/1 21/126/1
f 97/122/1 21/126/1 20/127/1
f 97/122/1 20/127/1 19/128/1
f 97/122/1 19/128/1 23/129/1
f 97/122/1 23/129/1 27/130/1
f 97/122/1 27/130/1 34/131/1
f 97/122/1 34/131/1 98/132/1
f 97/122/1 98/132/1 99/133/87
f 95/120/1 100/134/1 93/118/1
f 97/122/1 101/135/1 95/120/1
f 95/120/1 101/135/1 100/134/1
f 99/133/87 102/136/1 97/122/1
f 97/122/1 103/137/1 101/135/1
f 102/136/1 103/137/1 97/122/1
f 93/118/1 100/134/1 104/138/1
f 93/118/1 104/138/1 105/139/1
f 105/139/1 88/113/1 93/118/1
f 106/140/88 100/134/1 101/135/1
f 107/141/88 101/135/1 103/137/1
f 107/141/88 106/140/88 101/135/1
f 108/142/88 104/138/1 100/134/1
f 106/140/88 108/142/88 100/134/1
f 102/136/1 109/143/1 103/137/1
f 110/144/88 107/141/88 103/137/1
f 110/144/88 103/137/1 109/143/1
f 111/145/89 106/140/88 107/141/88
f 112/146/89 108/142/88 106/140/88
f 111/145/89 112/146/89 106/140/88
f 113/147/89 107/141/88 110/144/88
f 113/147/89 111/145/89 107/141/88
f 108/142/88 114/148/88 104/138/1
f 112/146/89 115/149/89 108/142/88
f 115/149/89 114/148/88 108/142/88
f 114/148/88 116/150/90 104/138/1
f 105/139/1 104/138/1 116/150/90
f 117/151/91 112/146/89 111/145/89
f 117/151/91 118/152/92 112/146/89
f 118/152/92 115/149/89 112/146/89
f 119/153/93 117/151/91 111/145/89
f 119/153/93 111/145/89 113/147/89
f 118/152/92 120/154/93 115/149/89
f 120/154/93 121/155/89 115/149/89
f 115/149/89 121/155/89 114/148/88
f 120/154/93 122/156/91 121/155/89
f 123/157/94 119/153/93 113/147/89
f 123/157/94 124/158/95 119/153/93
f 121/155/89 125/159/96 114/148/88
f 114/148/88 125/159/96 116/150/90
f 122/156/91 126/160/97 121/155/89
f 121/155/89 126/160/97 125/159/96
f 122/156/91 127/161/98 126/160/97
f 127/161/98 128/162/99 126/160/97
f 127/161/98 129/163/100 128/162/99
f 126/160/97 130/164/101 125/159/96
f 126/160/97 128/162/99 130/164/101
f 129/163/100 131/165/102 128/162/99
f 129/163/100 132/166/103 131/165/102
f 128/162/99 131/165/102 133/167/104
f 128/162/99 133/167/104 130/164/101
f 130/164/101 133/167/104 134/168/105
f 125/159/96 130/164/101 135/169/106
f 125/159/96 135/169/106 116/150/90
f 130/164/101 134/168/105 135/169/106
f 136/170/107 116/150/90 135/169/106
f 105/139/1 116/150/90 136/170/107
f 137/171/106 135/169/106 134/168/105
f 136/170/107 135/169/106 137/171/106
f 137/171/106 134/168/105 138/172/105
f 139/173/1 105/139/1 136/170/107
f 88/113/1 105/139/1 139/173/1
f 139/173/1 140/174/1 88/113/1
f 88/113/1 140/174/1 141/175/1
f 88/113/1 141/175/1 90/114/1
f 142/176/1 141/175/1 140/174/1
f 140/174/1 143/177/1 142/176/1
f 144/178/107 136/170/107 137/171/106
f 139/173/1 136/170/107 144/178/107
f 145/179/106 137/171/106 138/172/105
f 144/178/107 137/171/106 145/179/106
f 145/179/106 138/172/105 146/180/105
f 147/181/1 139/173/1 144/178/107
f 140/174/1 139/173/1 147/181/1
f 148/182/107 144/178/107 145/179/106
f 147/181/1 144/178/107 148/182/107
f 149/183/106 145/179/106 146/180/105
f 148/182/107 145/179/106 149/183/106
f 149/183/106 146/180/105 150/184/105
f 151/185/106 149/183/106 150/184/105
f 151/185/106 150/184/105 152/186/105
f 153/187/90 148/182/107 149/183/106
f 153/187/90 149/183/106 151/185/106
f 154/188/1 147/181/1 148/182/107
f 154/188/1 148/182/107 153/187/90
f 155/189/108 151/185/106 152/186/105
f 155/189/108 152/186/105 156/190/109
f 157/191/110 153/187/90 151/185/106
f 157/191/110 151/185/106 155/189/108
f 158/192/111 155/189/108 156/190/109
f 158/192/111 156/190/109 159/193/112
f 160/194/113 155/189/108 158/192/111
f 160/194/113 157/191/110 155/189/108
f 161/195/114 157/191/110 160/194/113
f 162/196/115 153/187/90 157/191/110
f 161/195/114 162/196/115 157/191/110
f 162/196/115 154/188/1 153/187/90
f 163/197/116 162/196/115 161/195/114
f 163/197/116 164/198/115 162/196/115
f 164/198/115 154/188/1 162/196/115
f 165/199/1 147/181/1 154/188/1
f 164/198/115 165/199/1 154/188/1
f 165/199/1 140/174/1 147/181/1
f 166/200/115 165/199/1 164/198/115
f 167/201/1 140/174/1 165/199/1
f 166/200/115 167/201/1 165/199/1
f 167/201/1 168/202/1 140/174/1
f 140/174/1 168/202/1 143/177/1
f 169/203/1 143/177/1 168/202/1
f 170/204/1 169/203/1 168/202/1
f 170/204/1 168/202/1 167/201/1
f 171/205/115 167/201/1 166/200/115
f 171/205/115 170/204/1 167/201/1
f 172/206/116 171/205/115 166/200/115
f 172/206/116 166/200/115 173/207/116
f 174/208/114 171/205/115 172/206/116
f 174/208/114 175/209/115 171/205/115
f 175/209/115 170/204/1 171/205/115
f 176/210/117 175/209/115 174/208/114
f 143/177/1 169/203/1 3/2/1
f 143/177/1 3/2/1 1/1/1
f 143/177/1 1/1/1 87/211/1
f 3/2/1 169/203/1 74/212/1
f 74/212/1 169/203/1 72/213/1
f 72/213/1 169/203/1 71/214/1
f 71/214/1 169/203/1 73/215/1
f 73/215/1 169/203/1 75/216/1
f 75/216/1 169/203/1 76/217/1
f 76/217/1 169/203/1 80/218/1
f 80/218/1 169/203/1 82/219/1
f 82/219/1 169/203/1 83/220/1
f 83/220/1 169/203/1 177/221/1
f 177/221/1 169/203/1 178/222/118
f 178/222/118 169/203/1 99/133/87
f 179/223/1 99/133/87 169/203/1
f 179/223/1 169/203/1 170/204/1
f 179/223/1 180/224/1 99/133/87
f 99/133/87 180/224/1 102/136/1
f 179/223/1 170/204/1 181/225/1
f 175/209/115 181/225/1 170/204/1
f 182/226/119 181/225/1 175/209/115
f 176/210/117 182/226/119 175/209/115
f 183/227/120 179/223/1 181/225/1
f 182/226/119 183/227/120 181/225/1
f 184/228/121 182/226/119 176/210/117
f 184/228/121 183/227/120 182/226/119
f 184/228/121 176/210/117 185/229/122
f 183/227/120 186/230/123 179/223/1
f 186/230/123 180/224/1 179/223/1
f 180/224/1 187/231/123 102/136/1
f 187/231/123 109/143/1 102/136/1
f 188/232/124 184/228/121 185/229/122
f 188/232/124 185/229/122 189/233/125
f 184/228/121 190/234/126 183/227/120
f 188/232/124 190/234/126 184/228/121
f 190/234/126 186/230/123 183/227/120
f 188/232/124 191/235/127 190/234/126
f 191/235/127 192/236/126 190/234/126
f 190/234/126 192/236/126 186/230/123
f 191/235/127 193/237/127 192/236/126
f 186/230/123 194/238/123 180/224/1
f 192/236/126 194/238/123 186/230/123
f 180/224/1 194/238/123 187/231/123
f 193/237/127 195/239/126 192/236/126
f 192/236/126 195/239/126 194/238/123
f 195/239/126 187/231/123 194/238/123
f 193/237/127 196/240/127 195/239/126
f 196/240/127 197/241/126 195/239/126
f 195/239/126 197/241/126 187/231/123
f 196/240/127 198/242/127 197/241/126
f 197/241/126 199/243/120 187/231/123
f 187/231/123 199/243/120 109/143/1
f 199/243/120 110/144/88 109/143/1
f 198/242/127 200/244/126 197/241/126
f 197/241/126 200/244/126 199/243/120
f 198/242/127 201/245/127 200/244/126
f 199/243/120 202/246/128 110/144/88
f 200/244/126 202/246/128 199/243/120
f 202/246/128 113/147/89 110/144/88
f 202/246/128 123/157/94 113/147/89
f 201/245/127 203/247/129 200/244/126
f 200/244/126 203/247/129 202/246/128
f 203/247/129 123/157/94 202/246/128
f 201/245/127 204/248/130 203/247/129
f 203/247/129 205/249/131 123/157/94
f 204/248/130 205/249/131 203/247/129
f 205/249/131 124/158/95 123/157/94
f 204/248/130 206/250/132 205/249/131
f 205/249/131 207/251/133 124/158/95
f 206/250/132 207/251/133 205/249/131
f 206/250/132 208/252/134 207/251/133
f 209/2/135 211/1/135 210/3/135
f 212/4/136 214/6/137 213/5/138
f 212/4/136 215/8/139 214/6/137
f 216/7/140 215/8/139 212/4/136
f 215/8/139 217/12/141 214/6/137
f 214/6/137 217/12/141 218/15/142
f 214/6/137 218/15/142 219/16/143
f 219/16/143 218/15/142 220/25/24
f 219/16/143 220/25/24 221/26/144
f 221/26/144 220/25/24 222/32/29
f 221/26/144 222/32/29 223/33/145
f 224/27/24 222/32/29 220/25/24
f 224/27/24 225/34/31 222/32/29
f 226/23/142 224/27/24 220/25/24
f 226/23/142 220/25/24 218/15/142
f 227/19/146 226/23/142 218/15/142
f 227/19/146 218/15/142 217/12/141
f 228/13/11 227/19/146 217/12/141
f 215/8/139 228/13/11 217/12/141
f 228/13/11 229/20/11 227/19/146
f 230/21/147 229/20/11 228/13/11
f 231/11/148 228/13/11 215/8/139
f 216/7/140 231/11/148 215/8/139
f 230/21/147 228/13/11 232/14/12
f 231/11/148 232/14/12 228/13/11
f 233/22/149 230/21/147 232/14/12
f 216/7/140 234/9/150 231/11/148
f 234/9/150 232/14/12 231/11/148
f 233/22/149 232/14/12 235/17/149
f 234/9/150 235/17/149 232/14/12
f 236/24/21 233/22/149 235/17/149
f 237/18/151 235/17/149 234/9/150
f 236/24/21 235/17/149 238/28/152
f 237/18/151 238/28/152 235/17/149
f 239/29/153 236/24/21 238/28/152
f 240/31/154 238/28/152 237/18/151
f 239/29/153 238/28/152 241/30/153
f 240/31/154 241/30/153 238/28/152
f 216/7/140 242/10/155 234/9/150
f 213/35/138 219/36/143 243/38/156
f 213/35/138 214/37/137 219/36/143
f 244/39/157 223/41/145 245/40/158
f 243/42/156 221/43/144 244/39/157
f 243/42/156 219/44/143 221/43/144
f 244/39/157 221/43/144 223/41/145
f 242/45/155 237/46/151 234/48/150
f 242/45/155 246/47/159 237/46/151
f 247/49/160 237/50/151 246/49/159
f 247/49/161 240/51/154 237/50/151
f 248/52/162 250/54/163 249/53/164
f 245/55/158 251/56/165 248/52/162
f 245/55/158 223/57/145 251/56/165
f 248/52/162 251/56/165 250/54/163
f 249/58/164 253/59/166 252/61/167
f 249/58/164 250/60/163 253/59/166
f 254/62/168 256/64/169 255/63/170
f 254/62/168 257/65/171 256/64/169
f 258/66/172 257/65/171 254/62/168
f 258/66/172 259/67/173 257/65/171
f 260/68/174 259/67/173 258/66/172
f 260/68/174 261/69/175 259/67/173
f 262/70/176 261/69/175 260/68/174
f 262/70/177 263/71/178 261/69/175
f 264/72/179 266/73/180 265/75/181
f 264/72/179 267/74/182 266/73/180
f 268/76/183 267/77/182 264/79/179
f 268/76/183 269/78/184 267/77/182
f 270/80/185 269/82/184 268/81/183
f 271/83/186 272/84/187 270/80/185
f 271/83/186 273/85/188 272/84/187
f 270/80/185 272/84/187 269/82/184
f 273/85/188 274/86/63 272/84/187
f 269/82/184 272/84/187 274/86/63
f 273/85/188 275/87/68 274/86/63
f 276/88/189 275/87/68 273/85/188
f 269/82/184 274/86/63 277/89/66
f 277/89/66 267/90/182 269/82/184
f 276/88/189 278/91/67 275/87/68
f 279/92/68 274/86/63 275/87/68
f 278/91/67 279/92/68 275/87/68
f 279/92/68 280/93/69 274/86/63
f 280/93/69 277/89/66 274/86/63
f 278/91/67 281/94/70 279/92/68
f 280/93/69 282/95/71 277/89/66
f 283/96/190 281/94/70 278/91/67
f 282/95/71 209/97/191 277/89/66
f 284/98/74 283/96/190 278/91/67
f 276/88/189 285/99/192 278/91/67
f 284/98/74 278/91/67 285/99/192
f 276/88/189 286/100/193 285/99/192
f 287/101/194 285/99/192 286/100/193
f 288/102/195 284/98/74 285/99/192
f 287/101/194 289/103/79 285/99/192
f 288/102/195 285/99/192 289/103/79
f 290/104/196 288/102/195 289/103/79
f 291/105/81 290/104/196 289/103/79
f 291/105/81 289/103/79 292/106/82
f 209/97/191 293/107/83 277/89/66
f 209/97/191 210/108/197 293/107/83
f 277/89/66 293/107/83 267/90/182
f 210/108/197 211/109/85 293/107/83
f 267/90/182 293/107/83 294/110/198
f 211/109/85 294/110/198 293/107/83
f 267/90/182 294/110/198 266/111/180
f 211/109/85 295/112/199 294/110/198
f 296/114/135 298/113/135 297/115/135
f 298/113/135 300/118/135 299/116/200
f 298/113/135 299/116/200 301/117/200
f 302/119/200 299/116/200 300/118/135
f 302/119/200 300/118/135 303/120/135
f 302/119/200 303/120/135 304/121/135
f 305/122/135 304/121/135 303/120/135
f 304/121/135 305/122/135 236/123/135
f 304/121/135 236/123/135 239/124/135
f 236/123/135 305/122/135 233/125/135
f 233/125/135 305/122/135 230/126/135
f 230/126/135 305/122/135 229/127/135
f 229/127/135 305/122/135 227/128/135
f 227/128/135 305/122/135 226/129/135
f 226/129/135 305/122/135 224/130/135
f 224/130/135 305/122/135 225/131/135
f 225/131/135 305/122/135 306/132/135
f 306/132/135 305/122/135 307/133/201
f 303/120/135 300/118/135 308/134/135
f 305/122/135 303/120/135 309/135/135
f 303/120/135 308/134/135 309/135/135
f 307/133/201 305/122/135 310/136/135
f 305/122/135 309/135/135 311/137/135
f 310/136/135 305/122/135 311/137/135
f 312/140/202 309/135/135 308/134/135
f 313/141/202 311/137/135 309/135/135
f 313/141/202 309/135/135 312/140/202
f 300/118/135 314/138/135 308/134/135
f 312/140/202 308/134/135 315/142/202
f 315/142/202 308/134/135 314/138/135
f 310/136/135 311/137/135 316/143/135
f 317/144/202 311/137/135 313/141/202
f 317/144/202 316/143/135 311/137/135
f 318/145/203 313/141/202 312/140/202
f 319/146/203 312/140/202 315/142/202
f 318/145/203 312/140/202 319/146/203
f 320/147/203 317/144/202 313/141/202
f 320/147/203 313/141/202 318/145/203
f 321/231/204 310/136/135 316/143/135
f 322/243/204 316/143/135 317/144/202
f 321/231/204 316/143/135 322/243/204
f 323/246/205 317/144/202 320/147/203
f 322/243/204 317/144/202 323/246/205
f 324/224/135 310/136/135 321/231/204
f 307/133/201 310/136/135 324/224/135
f 325/151/206 318/145/203 319/146/203
f 326/153/206 318/145/203 325/151/206
f 326/153/206 320/147/203 318/145/203
f 325/151/206 319/146/203 327/152/207
f 328/157/208 320/147/203 326/153/206
f 323/246/205 320/147/203 328/157/208
f 328/157/208 326/153/206 329/158/209
f 327/152/207 319/146/203 330/149/203
f 327/152/207 330/149/203 331/154/206
f 319/146/203 315/142/202 330/149/203
f 332/249/210 328/157/208 329/158/209
f 332/249/210 329/158/209 333/251/211
f 334/247/212 323/246/205 328/157/208
f 334/247/212 328/157/208 332/249/210
f 335/250/213 332/249/210 333/251/211
f 335/250/213 333/251/211 336/252/214
f 337/248/215 332/249/210 335/250/213
f 337/248/215 334/247/212 332/249/210
f 338/245/216 334/247/212 337/248/215
f 339/244/217 323/246/205 334/247/212
f 338/245/216 339/244/217 334/247/212
f 339/244/217 322/243/204 323/246/205
f 340/242/216 339/244/217 338/245/216
f 341/241/217 322/243/204 339/244/217
f 340/242/216 341/241/217 339/244/217
f 342/240/216 341/241/217 340/242/216
f 341/241/217 321/231/204 322/243/204
f 342/240/216 343/239/217 341/241/217
f 343/239/217 321/231/204 341/241/217
f 344/237/216 343/239/217 342/240/216
f 343/239/217 345/238/204 321/231/204
f 324/224/135 321/231/204 345/238/204
f 344/237/216 346/236/217 343/239/217
f 346/236/217 345/238/204 343/239/217
f 347/235/216 346/236/217 344/237/216
f 348/230/204 324/224/135 345/238/204
f 346/236/217 348/230/204 345/238/204
f 347/235/216 349/234/217 346/236/217
f 349/234/217 348/230/204 346/236/217
f 350/232/218 349/234/217 347/235/216
f 348/230/204 351/223/135 324/224/135
f 351/223/135 307/133/201 324/224/135
f 351/223/135 352/203/135 307/133/201
f 352/203/135 353/222/219 307/133/201
f 352/203/135 354/221/135 353/222/219
f 352/203/135 291/220/135 354/221/135
f 352/203/135 290/219/135 291/220/135
f 352/203/135 288/218/135 290/219/135
f 352/203/135 284/217/135 288/218/135
f 352/203/135 283/216/135 284/217/135
f 352/203/135 281/215/135 283/216/135
f 352/203/135 279/214/135 281/215/135
f 352/203/135 280/213/135 279/214/135
f 352/203/135 282/212/135 280/213/135
f 352/203/135 209/2/135 282/212/135
f 352/203/135 355/177/135 209/2/135
f 209/2/135 355/177/135 211/1/135
f 211/1/135 355/177/135 295/211/135
f 355/177/135 352/203/135 356/202/135
f 357/174/135 355/177/135 356/202/135
f 357/174/135 358/176/220 355/177/135
f 358/176/220 357/174/135 359/175/220
f 360/204/135 356/202/135 352/203/135
f 351/223/135 360/204/135 352/203/135
f 357/174/135 298/113/135 359/175/220
f 359/175/220 298/113/135 296/114/135
f 361/201/135 357/174/135 356/202/135
f 360/204/135 361/201/135 356/202/135
f 362/181/135 298/113/135 357/174/135
f 361/201/135 363/199/135 357/174/135
f 363/199/135 362/181/135 357/174/135
f 298/113/135 362/181/135 364/173/135
f 364/173/135 300/118/135 298/113/135
f 300/118/135 364/173/135 365/139/135
f 300/118/135 365/139/135 314/138/135
f 364/173/135 366/170/221 365/139/135
f 365/139/135 367/150/222 314/138/135
f 365/139/135 366/170/221 367/150/222
f 362/181/135 368/178/221 364/173/135
f 364/173/135 368/178/221 366/170/221
f 369/148/202 314/138/135 367/150/222
f 315/142/202 314/138/135 369/148/202
f 330/149/203 315/142/202 369/148/202
f 330/149/203 369/148/202 370/155/203
f 331/154/206 330/149/203 370/155/203
f 331/154/206 370/155/203 371/156/206
f 369/148/202 367/150/222 372/159/223
f 370/155/203 369/148/202 372/159/223
f 371/156/206 370/155/203 373/160/224
f 370/155/203 372/159/223 373/160/224
f 371/156/206 373/160/224 374/161/225
f 366/170/221 375/169/226 367/150/222
f 372/159/223 367/150/222 375/169/226
f 374/161/225 373/160/224 376/162/227
f 374/161/225 376/162/227 377/163/228
f 373/160/224 372/159/223 378/164/229
f 372/159/223 375/169/226 378/164/229
f 373/160/224 378/164/229 376/162/227
f 377/163/228 376/162/227 379/165/230
f 377/163/228 379/165/230 380/166/231
f 376/162/227 381/167/232 379/165/230
f 376/162/227 378/164/229 381/167/232
f 378/164/229 382/168/233 381/167/232
f 378/164/229 375/169/226 382/168/233
f 366/170/221 383/171/226 375/169/226
f 383/171/226 382/168/233 375/169/226
f 383/171/226 384/172/233 382/168/233
f 368/178/221 383/171/226 366/170/221
f 385/179/226 384/172/233 383/171/226
f 368/178/221 385/179/226 383/171/226
f 385/179/226 386/180/233 384/172/233
f 387/182/221 385/179/226 368/178/221
f 362/181/135 387/182/221 368/178/221
f 388/183/226 386/180/233 385/179/226
f 387/182/221 388/183/226 385/179/226
f 388/183/226 389/184/233 386/180/233
f 390/188/135 387/182/221 362/181/135
f 363/199/135 390/188/135 362/181/135
f 391/187/222 388/183/226 387/182/221
f 390/188/135 391/187/222 387/182/221
f 392/185/226 389/184/233 388/183/226
f 391/187/222 392/185/226 388/183/226
f 392/185/226 393/186/233 389/184/233
f 394/189/234 393/186/233 392/185/226
f 394/189/234 395/190/235 393/186/233
f 396/191/236 392/185/226 391/187/222
f 396/191/236 394/189/234 392/185/226
f 397/192/237 395/190/235 394/189/234
f 397/192/237 398/193/238 395/190/235
f 399/194/239 397/192/237 394/189/234
f 399/194/239 394/189/234 396/191/236
f 400/195/240 399/194/239 396/191/236
f 401/196/241 396/191/236 391/187/222
f 400/195/240 396/191/236 401/196/241
f 401/196/241 391/187/222 390/188/135
f 402/197/242 400/195/240 401/196/241
f 402/197/242 401/196/241 403/198/241
f 403/198/241 401/196/241 390/188/135
f 403/198/241 390/188/135 363/199/135
f 404/200/241 403/198/241 363/199/135
f 404/200/241 363/199/135 361/201/135
f 405/205/241 404/200/241 361/201/135
f 405/205/241 361/201/135 360/204/135
f 406/206/242 404/200/241 405/205/241
f 406/206/242 407/207/242 404/200/241
f 408/208/240 406/206/242 405/205/241
f 408/208/240 405/205/241 409/209/241
f 409/209/241 405/205/241 360/204/135
f 410/210/243 408/208/240 409/209/241
f 409/209/241 360/204/135 411/225/135
f 351/223/135 411/225/135 360/204/135
f 410/210/243 409/209/241 412/226/244
f 412/226/244 409/209/241 411/225/135
f 413/227/245 411/225/135 351/223/135
f 412/226/244 411/225/135 413/227/245
f 413/227/245 351/223/135 348/230/204
f 349/234/217 413/227/245 348/230/204
f 414/228/246 410/210/243 412/226/244
f 414/228/246 412/226/244 413/227/245
f 414/228/246 413/227/245 349/234/217
f 414/228/246 415/229/247 410/210/243
f 350/232/218 414/228/246 349/234/217
f 350/232/218 415/229/247 414/228/246
f 350/232/218 416/233/248 415/229/247
f 417/253/249 419/254/250 418/255/251
f 419/254/250 421/256/251 420/257/252
f 422/258/253 420/257/252 423/259/254
f 422/258/253 419/254/250 420/257/252
f 421/256/251 419/254/250 424/260/255
f 424/260/255 419/254/250 417/253/249
f 417/253/249 425/261/256 424/260/255
f 417/253/249 426/262/256 425/261/256
f 426/262/256 427/263/257 425/261/256
f 426/262/256 428/264/257 427/263/257
f 428/264/257 429/265/258 427/263/257
f 428/264/257 430/266/258 429/265/258
f 430/266/258 431/267/259 429/265/258
f 430/266/258 432/268/260 431/267/259
f 173/269/116 164/270/115 163/271/116
f 173/269/116 166/272/115 164/270/115
f 433/273/261 435/274/262 434/275/263
f 433/273/261 436/276/264 435/274/262
f 436/276/264 433/273/261 437/277/265
f 438/278/266 435/274/262 436/276/264
f 436/276/264 437/277/265 439/279/267
f 440/280/268 439/279/267 437/277/265
f 440/280/268 159/281/112 439/279/267
f 438/278/266 436/276/264 441/282/269
f 439/279/267 441/282/269 436/276/264
f 159/281/112 442/283/270 439/279/267
f 439/279/267 442/283/270 441/282/269
f 159/281/112 156/284/109 442/283/270
f 156/284/109 443/285/271 442/283/270
f 441/282/269 442/283/270 443/285/271
f 156/284/109 152/286/105 443/285/271
f 438/278/266 441/282/269 444/287/272
f 441/282/269 443/285/271 444/287/272
f 438/278/266 444/287/272 445/288/273
f 444/287/272 446/289/273 445/288/273
f 444/287/272 447/290/272 446/289/273
f 443/285/271 447/290/272 444/287/272
f 447/290/272 448/291/273 446/289/273
f 152/286/105 449/292/271 443/285/271
f 443/285/271 449/292/271 447/290/272
f 152/286/105 150/293/105 449/292/271
f 447/290/272 450/294/272 448/291/273
f 449/292/271 450/294/272 447/290/272
f 450/294/272 451/295/273 448/291/273
f 150/293/105 452/296/274 449/292/271
f 449/292/271 452/296/274 450/294/272
f 150/293/105 146/297/105 452/296/274
f 450/294/272 453/298/272 451/295/273
f 452/296/274 453/298/272 450/294/272
f 453/298/272 454/299/273 451/295/273
f 146/297/105 455/300/275 452/296/274
f 452/296/274 455/300/275 453/298/272
f 146/297/105 138/301/105 455/300/275
f 453/298/272 456/302/272 454/299/273
f 455/300/275 456/302/272 453/298/272
f 456/302/272 457/303/276 454/299/273
f 138/301/105 458/304/275 455/300/275
f 455/300/275 458/304/275 456/302/272
f 138/301/105 134/305/105 458/304/275
f 133/306/104 458/304/275 134/305/105
f 456/302/272 459/307/277 457/303/276
f 458/304/275 459/307/277 456/302/272
f 133/306/104 460/308/278 458/304/275
f 458/304/275 460/308/278 459/307/277
f 131/309/102 460/308/278 133/306/104
f 131/309/102 461/310/279 460/308/278
f 461/310/279 459/307/277 460/308/278
f 132/311/103 461/310/279 131/309/102
f 132/311/103 462/312/280 461/310/279
f 463/313/281 457/303/276 459/307/277
f 461/310/279 463/313/281 459/307/277
f 462/312/280 463/313/281 461/310/279
f 463/313/281 464/314/282 457/303/276
f 462/312/280 465/315/283 463/313/281
f 465/315/283 464/314/282 463/313/281
f 466/316/284 465/315/283 462/312/280
f 465/315/283 467/317/285 464/314/282
f 466/316/284 468/318/286 465/315/283
f 468/318/286 467/317/285 465/315/283
f 468/318/286 469/319/287 467/317/285
f 470/320/288 472/321/289 471/322/290
f 470/320/288 471/322/290 473/323/291
f 473/323/291 474/324/292 470/320/288
f 473/323/291 189/325/125 474/324/292
f 475/326/293 189/325/125 473/323/291
f 475/326/293 188/327/124 189/325/125
f 475/326/293 191/328/127 188/327/124
f 476/329/294 473/323/291 471/322/290
f 476/329/294 475/326/293 473/323/291
f 475/326/293 477/330/295 191/328/127
f 477/330/295 193/331/127 191/328/127
f 471/322/290 478/332/296 476/329/294
f 471/322/290 479/333/297 478/332/296
f 480/334/298 476/329/294 478/332/296
f 481/335/299 475/326/293 476/329/294
f 480/334/298 481/335/299 476/329/294
f 481/335/299 477/330/295 475/326/293
f 482/336/298 481/335/299 480/334/298
f 482/336/298 483/337/299 481/335/299
f 483/337/299 477/330/295 481/335/299
f 484/338/298 483/337/299 482/336/298
f 477/330/295 485/339/295 193/331/127
f 483/337/299 485/339/295 477/330/295
f 485/339/295 196/340/127 193/331/127
f 484/338/298 486/341/299 483/337/299
f 486/341/299 485/339/295 483/337/299
f 487/342/298 486/341/299 484/338/298
f 485/339/295 488/343/295 196/340/127
f 486/341/299 488/343/295 485/339/295
f 488/343/295 198/344/127 196/340/127
f 487/342/298 489/345/300 486/341/299
f 489/345/300 488/343/295 486/341/299
f 490/346/298 489/345/300 487/342/298
f 488/343/295 491/347/295 198/344/127
f 489/345/300 491/347/295 488/343/295
f 491/347/295 201/348/127 198/344/127
f 490/346/298 492/349/299 489/345/300
f 492/349/299 491/347/295 489/345/300
f 493/350/301 492/349/299 490/346/298
f 491/347/295 494/351/295 201/348/127
f 492/349/299 494/351/295 491/347/295
f 494/351/295 204/352/130 201/348/127
f 493/350/301 495/353/302 492/349/299
f 495/353/302 494/351/295 492/349/299
f 494/351/295 496/354/303 204/352/130
f 495/353/302 496/354/303 494/351/295
f 496/354/303 206/355/132 204/352/130
f 496/354/303 497/356/304 206/355/132
f 497/356/304 496/354/303 495/353/302
f 497/356/304 208/357/134 206/355/132
f 493/350/301 498/358/305 495/353/302
f 497/356/304 495/353/302 498/358/305
f 493/350/301 499/359/306 498/358/305
f 497/356/304 500/360/307 208/357/134
f 498/358/305 500/360/307 497/356/304
f 500/360/307 501/361/308 208/357/134
f 500/360/307 502/362/309 501/361/308
f 499/359/306 503/363/310 498/358/305
f 498/358/305 503/363/310 500/360/307
f 503/363/310 502/362/309 500/360/307
f 499/359/306 504/364/311 503/363/310
f 503/363/310 505/365/312 502/362/309
f 504/364/311 505/365/312 503/363/310
f 504/364/311 506/366/313 505/365/312
f 479/367/297 472/368/289 507/369/314
f 479/367/297 471/370/290 472/368/289
f 508/371/315 469/372/287 468/373/286
f 508/371/315 468/373/286 509/374/316
f 510/375/317 508/371/315 509/374/316
f 509/374/316 468/373/286 466/376/284
f 510/375/317 509/374/316 511/377/318
f 512/378/319 510/375/317 511/377/318
f 509/374/316 466/376/284 513/379/320
f 511/377/318 509/374/316 513/379/320
f 513/379/320 466/376/284 462/380/280
f 513/379/320 462/380/280 132/381/103
f 514/382/321 513/379/320 132/381/103
f 511/377/318 513/379/320 514/382/321
f 514/382/321 132/381/103 129/383/100
f 512/378/319 511/377/318 515/384/322
f 515/384/322 511/377/318 514/382/321
f 516/385/323 514/382/321 129/383/100
f 515/384/322 514/382/321 516/385/323
f 516/385/323 129/383/100 127/386/98
f 517/387/324 516/385/323 127/386/98
f 517/387/324 515/384/322 516/385/323
f 517/387/324 127/386/98 122/388/91
f 518/389/325 512/378/319 515/384/322
f 517/387/324 518/389/325 515/384/322
f 518/389/325 519/390/326 512/378/319
f 520/391/327 517/387/324 122/388/91
f 520/391/327 518/389/325 517/387/324
f 520/391/327 122/388/91 120/392/93
f 521/393/325 519/390/326 518/389/325
f 520/391/327 521/393/325 518/389/325
f 521/393/325 522/394/326 519/390/326
f 523/395/328 520/391/327 120/392/93
f 523/395/328 521/393/325 520/391/327
f 523/395/328 120/392/93 118/396/92
f 524/397/325 522/394/326 521/393/325
f 523/395/328 524/397/325 521/393/325
f 524/397/325 525/398/326 522/394/326
f 526/399/328 523/395/328 118/396/92
f 526/399/328 524/397/325 523/395/328
f 526/399/328 118/396/92 117/400/91
f 527/401/325 525/398/326 524/397/325
f 526/399/328 527/401/325 524/397/325
f 527/401/325 528/402/326 525/398/326
f 529/403/328 526/399/328 117/400/91
f 529/403/328 527/401/325 526/399/328
f 529/403/328 117/400/91 119/404/93
f 124/405/95 529/403/328 119/404/93
f 530/406/325 528/402/326 527/401/325
f 529/403/328 530/406/325 527/401/325
f 530/406/325 531/407/326 528/402/326
f 124/405/95 532/408/329 529/403/328
f 532/408/329 530/406/325 529/403/328
f 207/409/133 532/408/329 124/405/95
f 533/410/330 531/407/326 530/406/325
f 532/408/329 533/410/330 530/406/325
f 533/410/330 534/411/331 531/407/326
f 207/409/133 535/412/332 532/408/329
f 533/410/330 532/408/329 535/412/332
f 208/413/134 535/412/332 207/409/133
f 208/413/134 501/414/308 535/412/332
f 536/415/333 534/411/331 533/410/330
f 533/410/330 535/412/332 536/415/333
f 501/414/308 536/415/333 535/412/332
f 536/415/333 537/416/334 534/411/331
f 501/414/308 538/417/335 536/415/333
f 538/417/335 537/416/334 536/415/333
f 502/418/309 538/417/335 501/414/308
f 538/417/335 539/419/336 537/416/334
f 502/418/309 505/420/312 538/417/335
f 505/420/312 539/419/336 538/417/335
f 505/420/312 506/421/313 539/419/336
f 48/63/337 31/422/338 47/64/339
f 48/63/337 39/423/337 31/422/338
f 32/424/29 98/425/340 34/426/31
f 32/424/29 540/427/341 98/425/340
f 33/428/30 540/427/341 32/424/29
f 33/428/30 43/429/40 540/427/341
f 98/425/340 540/427/341 541/430/342
f 43/429/40 541/430/342 540/427/341
f 98/425/340 541/430/342 99/431/87
f 43/429/40 41/432/39 541/430/342
f 541/430/342 178/433/118 99/431/87
f 41/432/39 542/434/343 541/430/342
f 541/430/342 542/434/343 178/433/118
f 41/432/39 44/435/41 542/434/343
f 542/434/343 177/436/344 178/433/118
f 44/435/41 543/437/345 542/434/343
f 542/434/343 543/437/345 177/436/344
f 44/435/41 544/438/346 543/437/345
f 177/436/344 543/437/345 84/439/82
f 544/438/346 84/439/82 543/437/345
f 177/436/344 84/439/82 83/440/81
f 544/438/346 545/441/347 84/439/82
f 79/442/77 84/439/82 545/441/347
f 79/442/77 81/443/79 84/439/82
f 47/444/339 31/31/338 30/30/348
f 47/444/339 30/30/348 546/445/348
f 29/29/349 546/445/348 30/30/348
f 546/445/348 29/29/349 91/446/350
f 45/447/42 544/448/346 44/449/41
f 45/447/42 547/450/351 544/448/346
f 547/450/351 545/451/347 544/448/346
f 547/450/351 548/452/352 545/451/347
f 549/453/353 545/451/347 548/452/352
f 549/453/353 79/454/77 545/451/347
f 550/455/354 79/454/77 549/453/353
f 550/455/354 78/456/76 79/454/77
f 551/457/355 78/456/76 550/455/354
f 551/457/355 68/458/65 78/456/76
f 63/459/60 68/458/65 551/457/355
f 63/459/60 65/460/62 68/458/65
f 49/461/46 47/462/45 546/463/356
f 49/461/46 546/463/356 552/464/357
f 552/464/357 546/463/356 91/465/356
f 552/464/357 91/465/356 92/466/357
f 51/467/48 49/461/46 552/464/357
f 88/468/358 552/464/357 92/466/357
f 51/467/48 552/464/357 553/469/359
f 552/464/357 88/468/358 553/469/359
f 553/469/359 88/468/358 89/470/360
f 53/471/50 51/467/48 553/469/359
f 90/472/361 553/469/359 89/470/360
f 53/471/50 553/469/359 554/473/362
f 90/472/361 554/473/362 553/469/359
f 55/474/52 53/471/50 554/473/362
f 55/474/52 554/473/362 555/475/363
f 555/475/363 554/473/362 90/472/361
f 555/475/363 90/472/361 141/476/363
f 91/446/350 29/29/349 96/477/350
f 91/446/350 96/477/350 94/478/348
f 58/479/364 54/70/365 55/71/366
f 58/479/367 59/480/368 54/70/369
f 86/110/370 58/111/364 55/481/366
f 86/110/370 55/481/366 555/482/370
f 141/483/370 86/110/370 555/482/370
f 86/110/370 141/483/370 87/112/371
f 87/112/371 141/483/370 142/484/372
f 87/112/371 142/484/372 143/485/370
f 407/269/242 403/270/241 404/272/241
f 407/269/242 402/271/242 403/270/241
f 556/273/373 434/275/374 435/274/375
f 556/273/373 435/274/375 557/276/376
f 557/276/376 558/277/377 556/273/373
f 438/278/378 557/276/376 435/274/375
f 557/276/376 559/279/379 558/277/377
f 560/280/380 558/277/377 559/279/379
f 560/280/380 559/279/379 398/281/238
f 438/278/378 561/282/381 557/276/376
f 559/279/379 557/276/376 561/282/381
f 398/281/238 559/279/379 562/283/382
f 559/279/379 561/282/381 562/283/382
f 398/281/238 562/283/382 395/284/235
f 395/284/235 562/283/382 563/285/383
f 561/282/381 563/285/383 562/283/382
f 395/284/235 563/285/383 393/286/233
f 438/278/378 564/287/384 561/282/381
f 561/282/381 564/287/384 563/285/383
f 438/278/378 445/288/385 564/287/384
f 564/287/384 445/288/385 446/289/385
f 564/287/384 446/289/385 565/290/384
f 563/285/383 564/287/384 565/290/384
f 565/290/384 446/289/385 448/291/385
f 393/286/233 563/285/383 566/292/383
f 563/285/383 565/290/384 566/292/383
f 393/286/233 566/292/383 389/293/233
f 565/290/384 448/291/385 567/294/384
f 566/292/383 565/290/384 567/294/384
f 567/294/384 448/291/385 451/295/385
f 389/293/233 566/292/383 568/296/386
f 566/292/383 567/294/384 568/296/386
f 389/293/233 568/296/386 386/297/233
f 567/294/384 451/295/385 569/298/384
f 568/296/386 567/294/384 569/298/384
f 569/298/384 451/295/385 454/299/385
f 386/297/233 568/296/386 570/300/386
f 568/296/386 569/298/384 570/300/386
f 386/297/233 570/300/386 384/301/233
f 569/298/384 454/299/385 571/302/384
f 570/300/386 569/298/384 571/302/384
f 571/302/384 454/299/385 457/303/387
f 384/301/233 570/300/386 572/304/386
f 570/300/386 571/302/384 572/304/386
f 384/301/233 572/304/386 382/305/233
f 381/306/232 382/305/233 572/304/386
f 571/302/384 457/303/387 573/307/388
f 572/304/386 571/302/384 573/307/388
f 381/306/232 572/304/386 574/308/389
f 572/304/386 573/307/388 574/308/389
f 379/309/230 381/306/232 574/308/389
f 379/309/230 574/308/389 575/310/390
f 575/310/390 574/308/389 573/307/388
f 380/311/231 379/309/230 575/310/390
f 380/311/231 575/310/390 576/312/391
f 577/313/392 573/307/388 457/303/387
f 575/310/390 573/307/388 577/313/392
f 576/312/391 575/310/390 577/313/392
f 577/313/392 457/303/387 464/314/393
f 576/312/391 577/313/392 578/315/394
f 578/315/394 577/313/392 464/314/393
f 579/316/395 576/312/391 578/315/394
f 578/315/394 464/314/393 467/317/396
f 579/316/395 578/315/394 580/318/397
f 580/318/397 578/315/394 467/317/396
f 580/318/397 467/317/396 469/319/398
f 581/320/399 583/322/400 582/321/401
f 581/320/399 584/323/402 583/322/400
f 584/323/402 581/320/399 585/324/403
f 584/323/402 585/324/403 416/325/248
f 586/326/404 584/323/402 416/325/248
f 586/326/404 416/325/248 350/327/218
f 586/326/404 350/327/218 347/328/216
f 587/329/405 583/322/400 584/323/402
f 587/329/405 584/323/402 586/326/404
f 586/326/404 347/328/216 588/330/406
f 588/330/406 347/328/216 344/331/216
f 583/322/400 587/329/405 478/332/407
f 583/322/400 478/332/407 479/333/408
f 480/334/409 478/332/407 587/329/405
f 589/335/410 587/329/405 586/326/404
f 480/334/409 587/329/405 589/335/410
f 589/335/410 586/326/404 588/330/406
f 482/336/409 480/334/409 589/335/410
f 482/336/409 589/335/410 590/337/411
f 590/337/411 589/335/410 588/330/406
f 484/338/409 482/336/409 590/337/411
f 588/330/406 344/331/216 591/339/406
f 590/337/411 588/330/406 591/339/406
f 591/339/406 344/331/216 342/340/216
f 484/338/409 590/337/411 592/341/410
f 592/341/410 590/337/411 591/339/406
f 487/342/409 484/338/409 592/341/410
f 591/339/406 342/340/216 593/343/406
f 592/341/410 591/339/406 593/343/406
f 593/343/406 342/340/216 340/344/216
f 487/342/409 592/341/410 594/345/410
f 594/345/410 592/341/410 593/343/406
f 490/346/409 487/342/409 594/345/410
f 593/343/406 340/344/216 595/347/406
f 594/345/410 593/343/406 595/347/406
f 595/347/406 340/344/216 338/348/216
f 490/346/409 594/345/410 596/349/410
f 596/349/410 594/345/410 595/347/406
f 493/350/412 490/346/409 596/349/410
f 595/347/406 338/348/216 597/351/406
f 596/349/410 595/347/406 597/351/406
f 597/351/406 338/348/216 337/352/215
f 493/350/412 596/349/410 598/353/413
f 598/353/413 596/349/410 597/351/406
f 597/351/406 337/352/215 599/354/414
f 598/353/413 597/351/406 599/354/414
f 599/354/414 337/352/215 335/355/213
f 599/354/414 335/355/213 600/356/415
f 600/356/415 598/353/413 599/354/414
f 600/356/415 335/355/213 336/357/214
f 493/350/412 598/353/413 601/358/416
f 600/356/415 601/358/416 598/353/413
f 493/350/412 601/358/416 499/359/417
f 600/356/415 336/357/214 602/360/418
f 601/358/416 600/356/415 602/360/418
f 602/360/418 336/357/214 603/361/419
f 602/360/418 603/361/419 604/362/420
f 499/359/417 601/358/416 605/363/421
f 601/358/416 602/360/418 605/363/421
f 605/363/421 602/360/418 604/362/420
f 499/359/417 605/363/421 504/364/422
f 605/363/421 604/362/420 606/365/423
f 504/364/422 605/363/421 606/365/423
f 504/364/422 606/365/423 506/366/424
f 479/367/408 582/368/401 583/370/400
f 479/367/408 507/369/425 582/368/401
f 508/371/426 580/373/397 469/372/398
f 508/371/426 607/374/427 580/373/397
f 510/375/428 607/374/427 508/371/426
f 607/374/427 579/376/395 580/373/397
f 510/375/428 608/377/429 607/374/427
f 512/378/430 608/377/429 510/375/428
f 607/374/427 609/379/431 579/376/395
f 608/377/429 609/379/431 607/374/427
f 609/379/431 576/380/391 579/376/395
f 609/379/431 380/381/231 576/380/391
f 610/382/432 380/381/231 609/379/431
f 608/377/429 610/382/432 609/379/431
f 610/382/432 377/383/228 380/381/231
f 512/378/430 611/384/433 608/377/429
f 611/384/433 610/382/432 608/377/429
f 612/385/434 377/383/228 610/382/432
f 611/384/433 612/385/434 610/382/432
f 612/385/434 374/386/225 377/383/228
f 613/387/435 374/386/225 612/385/434
f 613/387/435 612/385/434 611/384/433
f 613/387/435 371/388/206 374/386/225
f 614/389/436 611/384/433 512/378/430
f 613/387/435 611/384/433 614/389/436
f 614/389/436 512/378/430 519/390/437
f 615/391/435 371/388/206 613/387/435
f 615/391/435 613/387/435 614/389/436
f 615/391/435 331/392/206 371/388/206
f 616/393/436 614/389/436 519/390/437
f 615/391/435 614/389/436 616/393/436
f 616/393/436 519/390/437 522/394/437
f 617/395/438 331/392/206 615/391/435
f 617/395/438 615/391/435 616/393/436
f 617/395/438 327/396/207 331/392/206
f 618/397/436 616/393/436 522/394/437
f 617/395/438 616/393/436 618/397/436
f 618/397/436 522/394/437 525/398/437
f 619/399/438 327/396/207 617/395/438
f 619/399/438 617/395/438 618/397/436
f 619/399/438 325/400/206 327/396/207
f 620/401/436 618/397/436 525/398/437
f 619/399/438 618/397/436 620/401/436
f 620/401/436 525/398/437 528/402/437
f 621/403/438 325/400/206 619/399/438
f 621/403/438 619/399/438 620/401/436
f 621/403/438 326/404/206 325/400/206
f 329/405/209 326/404/206 621/403/438
f 622/406/436 620/401/436 528/402/437
f 621/403/438 620/401/436 622/406/436
f 622/406/436 528/402/437 531/407/437
f 329/405/209 621/403/438 623/408/439
f 623/408/439 621/403/438 622/406/436
f 333/409/211 329/405/209 623/408/439
f 624/410/440 622/406/436 531/407/437
f 623/408/439 622/406/436 624/410/440
f 624/410/440 531/407/437 534/411/441
f 333/409/211 623/408/439 625/412/442
f 624/410/440 625/412/442 623/408/439
f 336/413/214 333/409/211 625/412/442
f 336/413/214 625/412/442 603/414/419
f 626/415/443 624/410/440 534/411/441
f 624/410/440 626/415/443 625/412/442
f 603/414/419 625/412/442 626/415/443
f 626/415/443 534/411/441 537/416/444
f 603/414/419 626/415/443 627/417/445
f 627/417/445 626/415/443 537/416/444
f 604/418/420 603/414/419 627/417/445
f 627/417/445 537/416/444 539/419/446
f 604/418/420 627/417/445 606/420/423
f 606/420/423 627/417/445 539/419/446
f 606/420/423 539/419/446 506/421/424
f 255/63/447 240/422/448 247/423/449
f 255/63/450 256/64/451 240/422/452
f 222/424/29 225/426/31 306/425/453
f 222/424/29 306/425/453 628/427/453
f 223/428/145 222/424/29 628/427/453
f 223/428/145 628/427/453 251/429/165
f 306/425/453 629/430/454 628/427/453
f 251/429/165 628/427/453 629/430/454
f 306/425/453 307/431/201 629/430/454
f 251/429/165 629/430/454 250/432/163
f 629/430/454 307/431/201 353/433/219
f 250/432/163 629/430/454 630/434/343
f 629/430/454 353/433/219 630/434/343
f 250/432/163 630/434/343 253/435/166
f 630/434/343 353/433/219 354/436/344
f 253/435/166 630/434/343 631/437/345
f 630/434/343 354/436/344 631/437/345
f 253/435/166 631/437/345 632/438/455
f 354/436/344 292/439/82 631/437/345
f 632/438/455 631/437/345 292/439/82
f 354/436/344 291/440/81 292/439/82
f 632/438/455 292/439/82 633/441/456
f 287/442/194 633/441/456 292/439/82
f 287/442/194 292/439/82 289/443/79
f 256/444/451 241/30/457 240/31/452
f 256/444/451 634/445/348 241/30/457
f 299/446/458 241/30/457 634/445/348
f 302/478/459 241/30/457 299/446/458
f 304/477/460 241/30/457 302/478/459
f 241/30/457 304/477/460 239/29/461
f 252/447/167 632/448/455 635/450/462
f 252/447/167 253/449/166 632/448/455
f 635/450/462 632/448/455 633/451/456
f 635/450/462 633/451/456 636/452/463
f 637/453/464 636/452/463 633/451/456
f 637/453/464 633/451/456 287/454/194
f 638/455/465 637/453/464 287/454/194
f 638/455/465 287/454/194 286/456/193
f 639/457/466 638/455/465 286/456/193
f 639/457/466 286/456/193 276/458/189
f 271/459/186 639/457/466 276/458/189
f 271/459/186 276/458/189 273/460/188
f 257/461/171 634/463/356 256/462/169
f 257/461/171 640/464/357 634/463/356
f 640/464/357 299/465/356 634/463/356
f 259/467/173 640/464/357 257/461/171
f 259/467/173 641/469/359 640/464/357
f 640/464/357 301/466/357 299/465/356
f 641/469/359 301/466/357 640/464/357
f 301/466/357 641/469/359 298/468/358
f 298/468/358 641/469/359 297/470/360
f 261/471/175 641/469/359 259/467/173
f 296/472/467 297/470/360 641/469/359
f 261/471/175 642/473/362 641/469/359
f 296/472/467 641/469/359 642/473/362
f 263/474/178 642/473/362 261/471/175
f 263/474/178 643/475/468 642/473/362
f 643/475/468 296/472/467 642/473/362
f 643/475/468 359/476/468 296/472/467
f 266/479/469 262/70/470 265/480/470
f 266/479/469 263/71/471 262/70/470
f 294/110/370 263/481/471 266/111/469
f 294/110/370 643/482/370 263/481/471
f 295/112/472 643/482/370 294/110/370
f 355/485/370 643/482/370 295/112/472
f 358/484/370 643/482/370 355/485/370
f 643/482/370 358/484/370 359/483/370
f 644/486/473 646/487/473 645/488/473
f 644/486/473 647/489/473 646/487/473
f 648/490/474 645/491/474 649/492/474
f 648/490/474 644/493/474 645/491/474
f 648/494/1 647/495/1 644/496/1
f 648/494/1 650/497/1 647/495/1
f 647/495/475 651/498/475 646/499/475
f 647/495/475 650/497/475 651/498/475
f 645/491/135 651/498/135 649/492/135
f 645/491/135 646/499/135 651/498/135
f 649/500/476 650/501/476 648/502/476
f 649/500/476 651/503/476 650/501/476
f 652/504/473 654/505/473 653/506/473
f 652/504/473 655/507/473 654/505/473
f 656/508/474 653/509/474 657/510/474
f 656/508/474 652/511/474 653/509/474
f 656/512/1 655/513/1 652/514/1
f 656/512/1 658/515/1 655/513/1
f 655/513/475 659/516/475 654/517/475
f 655/513/475 658/515/475 659/516/475
f 653/509/135 659/516/135 657/510/135
f 653/509/135 654/517/135 659/516/135
f 657/518/476 658/519/476 656/520/476
f 657/518/476 659/521/476 658/519/476
f 660/522/473 662/523/473 661/524/473
f 660/522/473 663/525/473 662/523/473
f 664/526/474 661/527/474 665/528/474
f 664/526/474 660/529/474 661/527/474
f 664/530/1 663/531/1 660/532/1
f 664/530/1 666/533/1 663/531/1
f 663/531/475 667/534/475 662/535/475
f 663/531/475 666/533/475 667/534/475
f 661/527/135 667/534/135 665/528/135
f 661/527/135 662/535/135 667/534/135
f 665/536/476 666/537/476 664/538/476
f 665/536/476 667/539/476 666/537/476
f 668/540/475 670/541/475 669/542/475
f 668/540/475 671/543/475 670/541/475
f 672/544/473 669/545/473 673/546/473
f 672/544/473 668/547/473 669/545/473
f 672/548/1 671/549/1 668/550/1
f 672/548/1 674/551/1 671/549/1
f 671/549/476 675/552/476 670/553/476
f 671/549/476 674/551/476 675/552/476
f 669/545/135 675/552/135 673/546/135
f 669/545/135 670/553/135 675/552/135
f 673/554/474 674/555/474 672/556/474
f 673/554/474 675/557/474 674/555/474
f 676/558/473 678/559/473 677/560/473
f 676/558/473 679/561/473 678/559/473
f 676/562/474 681/563/474 680/564/474
f 676/562/474 677/565/474 681/563/474
f 679/566/1 680/567/1 682/568/1
f 679/566/1 676/569/1 680/567/1
f 678/570/475 682/568/475 683/571/475
f 678/570/475 679/566/475 682/568/475
f 681/563/135 678/570/135 683/571/135
f 681/563/135 677/565/135 678/570/135
f 681/572/476 682/573/476 680/574/476
f 681/572/476 683/575/476 682/573/476
f 684/576/473 686/577/473 685/578/473
f 684/576/473 687/579/473 686/577/473
f 688/580/474 685/581/474 689/582/474
f 688/580/474 684/583/474 685/581/474
f 688/584/1 687/585/1 684/586/1
f 688/584/1 690/587/1 687/585/1
f 687/585/475 691/588/475 686/589/475
f 687/585/475 690/587/475 691/588/475
f 685/581/135 691/588/135 689/582/135
f 685/581/135 686/589/135 691/588/135
f 689/590/476 690/591/476 688/592/476
f 689/590/476 691/593/476 690/591/476
f 692/594/475 694/595/475 693/596/475
f 692/594/475 695/597/475 694/595/475
f 696/598/473 693/599/473 697/600/473
f 696/598/473 692/601/473 693/599/473
f 696/598/1 695/602/1 692/601/1
f 696/598/1 698/603/1 695/602/1
f 695/604/476 699/605/476 694/606/476
f 695/604/476 698/607/476 699/605/476
f 693/599/135 699/605/135 697/600/135
f 693/599/135 694/606/135 699/605/135
f 697/608/474 698/609/474 696/610/474
f 697/608/474 699/611/474 698/609/474
f 700/612/477 702/613/475 701/614/475
f 700/612/477 701/614/475 703/615/477
f 700/612/477 703/615/477 704/616/478
f 700/612/477 704/616/478 705/617/478
f 705/617/478 704/616/478 706/618/479
f 705/617/478 706/618/479 707/619/479
f 707/619/479 706/618/479 708/620/479
f 707/619/479 708/620/479 709/621/479
f 709/621/479 708/620/479 710/622/478
f 709/621/479 710/622/478 711/623/478
f 711/623/478 710/622/478 712/624/477
f 711/623/478 712/624/477 713/625/477
f 714/626/475 713/625/477 712/624/477
f 714/626/475 712/624/477 715/627/475
f 716/628/480 717/629/481 702/630/482
f 716/628/480 702/630/482 700/631/483
f 716/628/480 700/631/483 705/632/484
f 716/628/480 705/632/484 718/633/484
f 705/632/484 719/634/1 718/633/484
f 705/632/484 720/635/1 719/634/1
f 705/632/484 721/636/1 720/635/1
f 705/632/484 722/637/1 721/636/1
f 723/638/1 718/633/484 719/634/1
f 724/639/1 718/633/484 723/638/1
f 725/640/1 718/633/484 724/639/1
f 705/632/484 726/641/1 722/637/1
f 727/642/1 718/633/484 725/640/1
f 705/632/484 728/643/1 726/641/1
f 432/644/1 718/633/484 727/642/1
f 705/632/484 729/645/1 728/643/1
f 430/646/1 718/633/484 432/644/1
f 705/632/484 730/647/1 729/645/1
f 705/632/484 731/648/1 730/647/1
f 705/632/484 732/649/1 731/648/1
f 428/650/1 718/633/484 430/646/1
f 426/651/1 718/633/484 428/650/1
f 417/652/1 718/633/484 426/651/1
f 707/653/1 732/649/1 705/632/484
f 732/649/1 707/653/1 733/654/1
f 707/653/1 734/655/1 733/654/1
f 417/652/1 735/656/1 718/633/484
f 709/657/1 734/655/1 707/653/1
f 735/656/1 417/652/1 418/658/1
f 709/657/1 736/659/1 734/655/1
f 736/659/1 709/657/1 737/660/1
f 737/660/1 709/657/1 711/661/485
f 737/660/1 711/661/485 738/662/486
f 738/662/486 711/661/485 713/663/487
f 738/662/486 713/663/487 739/664/488
f 737/660/1 740/665/1 736/659/1
f 740/665/1 737/660/1 735/656/1
f 740/665/1 741/666/1 736/659/1
f 740/665/1 735/656/1 422/667/1
f 422/667/1 735/656/1 419/668/1
f 419/668/1 735/656/1 418/658/1
f 741/666/1 740/665/1 742/669/1
f 741/666/1 742/669/1 743/670/489
f 744/671/481 739/664/488 713/663/487
f 744/671/481 713/663/487 714/672/490
f 745/673/1 739/664/488 744/671/481
f 745/673/1 746/674/1 739/664/488
f 702/630/476 747/675/476 701/676/476
f 702/630/476 717/629/476 747/675/476
f 703/677/491 701/676/492 747/675/493
f 703/677/491 747/675/493 748/678/494
f 703/677/491 748/678/494 749/679/495
f 703/677/491 749/679/495 704/680/496
f 750/681/135 704/680/496 749/679/495
f 751/682/135 704/680/496 750/681/135
f 752/683/135 704/680/496 751/682/135
f 753/684/135 704/680/496 752/683/135
f 749/679/495 754/685/135 750/681/135
f 749/679/495 755/686/135 754/685/135
f 749/679/495 756/687/135 755/686/135
f 757/688/135 704/680/496 753/684/135
f 749/679/495 758/689/135 756/687/135
f 759/690/135 704/680/496 757/688/135
f 749/679/495 431/691/135 758/689/135
f 760/692/135 704/680/496 759/690/135
f 749/679/495 429/693/135 431/691/135
f 761/694/135 704/680/496 760/692/135
f 762/695/135 704/680/496 761/694/135
f 763/696/135 704/680/496 762/695/135
f 749/679/495 427/697/135 429/693/135
f 749/679/495 425/698/135 427/697/135
f 749/679/495 424/699/135 425/698/135
f 763/696/135 706/700/135 704/680/496
f 706/700/135 763/696/135 764/701/135
f 765/702/135 706/700/135 764/701/135
f 766/703/135 424/699/135 749/679/495
f 765/702/135 708/704/135 706/700/135
f 424/699/135 766/703/135 421/705/135
f 767/706/135 708/704/135 765/702/135
f 708/704/135 767/706/135 768/707/135
f 708/704/135 768/707/135 769/708/497
f 708/704/135 769/708/497 710/709/498
f 710/709/498 769/708/497 770/710/499
f 710/709/498 770/710/499 712/711/500
f 715/712/501 712/711/500 770/710/499
f 715/712/501 770/710/499 771/713/493
f 771/713/493 770/710/499 772/714/135
f 771/713/493 772/714/135 773/715/135
f 774/716/135 768/707/135 767/706/135
f 768/707/135 774/716/135 766/703/135
f 775/717/135 774/716/135 767/706/135
f 766/703/135 774/716/135 423/718/135
f 766/703/135 423/718/135 420/719/135
f 774/716/135 775/717/135 776/720/135
f 776/720/135 775/717/135 777/721/135
f 766/703/135 420/719/135 421/705/135
f 778/722/1 717/723/481 716/724/480
f 778/722/1 779/725/1 717/723/481
f 747/726/476 779/727/476 780/728/476
f 747/726/476 717/723/476 779/727/476
f 748/729/494 780/728/135 781/730/135
f 748/729/494 747/726/493 780/728/135
f 748/731/502 716/732/502 718/733/503
f 748/731/502 718/733/503 749/734/503
f 749/734/503 718/733/503 735/735/504
f 749/734/503 735/735/504 766/736/504
f 766/736/504 735/735/504 737/737/504
f 766/736/504 737/737/504 768/738/504
f 768/738/504 737/737/504 738/739/503
f 768/738/504 738/739/503 769/740/503
f 769/740/503 738/739/503 739/741/502
f 769/740/503 739/741/502 770/742/502
f 778/743/473 748/729/473 781/730/473
f 778/743/473 716/744/473 748/729/473
f 781/745/474 779/746/474 778/747/474
f 781/745/474 780/748/474 779/746/474
f 744/671/473 714/672/473 715/749/473
f 744/671/473 715/749/473 771/750/473
f 745/673/473 744/671/473 771/750/473
f 745/673/473 771/750/473 773/751/473
f 770/710/476 746/752/476 772/714/476
f 770/710/476 739/753/476 746/752/476
f 773/754/474 746/755/474 745/756/474
f 773/754/474 772/757/474 746/755/474
f 721/758/505 753/759/506 752/760/505
f 721/758/505 722/761/507 753/759/506
f 722/761/507 757/762/508 753/759/506
f 722/761/507 726/763/508 757/762/508
f 726/763/508 759/764/509 757/762/508
f 726/763/508 728/765/509 759/764/509
f 728/765/509 760/766/510 759/764/509
f 728/765/509 729/767/510 760/766/510
f 729/767/510 761/768/511 760/766/510
f 729/767/510 730/769/511 761/768/511
f 730/769/511 762/770/512 761/768/511
f 730/769/511 731/771/512 762/770/512
f 731/771/512 763/772/513 762/770/512
f 731/771/512 732/773/514 763/772/513
f 733/774/515 763/772/513 732/773/514
f 763/772/513 733/774/515 764/775/515
f 764/775/515 733/774/515 734/776/516
f 764/775/515 734/776/516 765/777/517
f 720/778/518 721/779/505 752/780/505
f 720/778/518 752/780/505 751/781/519
f 719/782/520 720/778/518 751/781/519
f 719/782/520 751/781/519 750/783/521
f 723/784/522 719/782/520 750/783/521
f 723/784/522 750/783/521 754/785/523
f 724/786/524 723/784/522 754/785/523
f 724/786/524 754/785/523 755/787/525
f 725/788/526 724/786/524 755/787/525
f 725/788/526 755/787/525 756/789/526
f 727/790/527 725/788/526 756/789/526
f 727/790/527 756/789/526 758/791/528
f 432/792/260 727/790/527 758/791/528
f 432/792/260 758/791/528 431/793/259
f 734/776/529 767/794/529 765/777/529
f 734/776/529 736/795/529 767/794/529
f 736/796/530 775/797/531 767/798/532
f 736/796/530 741/799/533 775/797/531
f 741/799/533 777/800/359 775/797/531
f 741/799/533 743/801/359 777/800/359
f 743/801/359 776/802/534 777/800/359
f 743/801/359 742/803/534 776/802/534
f 742/803/534 774/804/535 776/802/534
f 742/803/534 740/805/535 774/804/535
f 423/259/536 740/806/536 422/258/536
f 423/259/536 774/807/536 740/806/536
f 782/808/475 784/809/475 783/810/475
f 782/808/475 785/811/475 784/809/475
f 786/812/473 783/813/473 787/814/473
f 786/812/473 782/815/473 783/813/473
f 786/816/1 785/817/1 782/818/1
f 786/816/1 788/819/1 785/817/1
f 785/817/476 789/820/476 784/821/476
f 785/817/476 788/819/476 789/820/476
f 783/813/135 789/820/135 787/814/135
f 783/813/135 784/821/135 789/820/135
f 787/822/474 788/823/474 786/824/474
f 787/822/474 789/825/474 788/823/474
f 790/826/475 792/827/475 791/828/475
f 790/826/475 793/829/475 792/827/475
f 794/830/473 791/831/473 795/832/473
f 794/830/473 790/833/473 791/831/473
f 794/834/1 793/835/1 790/836/1
f 794/834/1 796/837/1 793/835/1
f 793/835/476 797/838/476 792/839/476
f 793/835/476 796/837/476 797/838/476
f 791/831/135 797/838/135 795/832/135
f 791/831/135 792/839/135 797/838/135
f 795/840/474 796/841/474 794/842/474
f 795/840/474 797/843/474 796/841/474
f 798/844/475 800/845/475 799/846/475
f 798/844/475 801/847/475 800/845/475
f 802/848/473 799/849/473 803/850/473
f 802/848/473 798/851/473 799/849/473
f 802/852/1 801/853/1 798/854/1
f 802/852/1 804/855/1 801/853/1
f 801/853/476 805/856/476 800/857/476
f 801/853/476 804/855/476 805/856/476
f 799/849/135 805/856/135 803/850/135
f 799/849/135 800/857/135 805/856/135
f 803/858/474 804/859/474 802/860/474
f 803/858/474 805/861/474 804/859/474
f 806/862/475 808/863/475 807/864/475
f 806/862/475 809/865/475 808/863/475
f 810/866/473 807/867/473 811/868/473
f 810/866/473 806/869/473 807/867/473
f 810/866/1 809/870/1 806/869/1
f 810/866/1 812/871/1 809/870/1
f 809/872/476 813/873/476 808/874/476
f 809/872/476 812/875/476 813/873/476
f 807/867/135 813/873/135 811/868/135
f 807/867/135 808/874/135 813/873/135
f 811/876/474 812/877/474 810/878/474
f 811/876/474 813/879/474 812/877/474
f 507/880/425 814/881/537 582/882/401
f 507/880/425 815/883/538 814/881/537
f 816/884/539 814/881/537 815/883/538
f 582/882/401 814/881/537 817/885/540
f 582/882/401 817/885/540 581/886/399
f 816/884/539 818/887/541 814/881/537
f 818/887/541 817/885/540 814/881/537
f 819/888/542 818/887/541 816/884/539
f 820/889/543 581/886/399 817/885/540
f 818/887/541 820/889/543 817/885/540
f 820/889/543 585/890/403 581/886/399
f 819/888/542 821/891/544 818/887/541
f 821/891/544 820/889/543 818/887/541
f 822/892/545 821/891/544 819/888/542
f 585/890/403 820/889/543 823/893/546
f 821/891/544 823/893/546 820/889/543
f 822/892/545 824/894/547 821/891/544
f 823/893/546 821/891/544 824/894/547
f 585/890/403 823/893/546 825/895/548
f 416/896/248 585/890/403 825/895/548
f 416/896/248 825/895/548 415/897/247
f 825/895/548 823/893/546 826/898/549
f 823/893/546 824/894/547 826/898/549
f 415/897/247 825/895/548 827/899/550
f 825/895/548 826/898/549 827/899/550
f 415/897/247 827/899/550 410/900/243
f 827/899/550 408/901/240 410/900/243
f 827/899/550 828/902/551 408/901/240
f 826/898/549 828/902/551 827/899/550
f 828/902/551 406/903/242 408/901/240
f 822/892/545 829/904/552 824/894/547
f 822/892/545 830/905/553 829/904/552
f 824/894/547 831/906/554 826/898/549
f 826/898/549 831/906/554 828/902/551
f 824/894/547 829/904/552 831/906/554
f 828/902/551 832/907/551 406/903/242
f 831/906/554 832/907/551 828/902/551
f 832/907/551 407/908/242 406/903/242
f 830/905/553 833/909/555 829/904/552
f 830/905/553 834/910/553 833/909/555
f 829/904/552 835/911/554 831/906/554
f 831/906/554 835/911/554 832/907/551
f 829/904/552 833/909/555 835/911/554
f 832/907/551 836/912/556 407/908/242
f 835/911/554 836/912/556 832/907/551
f 836/912/556 402/913/242 407/908/242
f 834/910/553 837/914/552 833/909/555
f 834/910/553 838/915/553 837/914/552
f 833/909/555 839/916/554 835/911/554
f 835/911/554 839/916/554 836/912/556
f 833/909/555 837/914/552 839/916/554
f 836/912/556 840/917/556 402/913/242
f 839/916/554 840/917/556 836/912/556
f 840/917/556 400/918/240 402/913/242
f 838/915/553 841/919/552 837/914/552
f 838/915/553 842/920/553 841/919/552
f 837/914/552 843/921/554 839/916/554
f 839/916/554 843/921/554 840/917/556
f 837/914/552 841/919/552 843/921/554
f 840/917/556 844/922/556 400/918/240
f 843/921/554 844/922/556 840/917/556
f 844/922/556 399/923/239 400/918/240
f 842/920/553 845/924/552 841/919/552
f 842/920/553 846/925/553 845/924/552
f 841/919/552 847/926/554 843/921/554
f 843/921/554 847/926/554 844/922/556
f 841/919/552 845/924/552 847/926/554
f 844/922/556 848/927/557 399/923/239
f 847/926/554 848/927/557 844/922/556
f 848/927/557 397/928/237 399/923/239
f 846/925/553 849/929/558 845/924/552
f 846/925/553 850/930/559 849/929/558
f 845/924/552 851/931/560 847/926/554
f 847/926/554 851/931/560 848/927/557
f 845/924/552 849/929/558 851/931/560
f 848/927/557 852/932/561 397/928/237
f 851/931/560 852/932/561 848/927/557
f 852/932/561 398/933/238 397/928/237
f 852/932/561 560/934/380 398/933/238
f 851/931/560 853/935/562 852/932/561
f 849/929/558 853/935/562 851/931/560
f 853/935/562 560/934/380 852/932/561
f 854/936/563 849/929/558 850/930/559
f 849/929/558 854/936/563 853/935/562
f 854/936/563 850/930/559 855/937/564
f 853/935/562 856/938/565 560/934/380
f 856/938/565 853/935/562 854/936/563
f 558/939/377 560/934/380 856/938/565
f 857/940/566 854/936/563 855/937/564
f 856/938/565 854/936/563 857/940/566
f 857/940/566 855/937/564 858/941/567
f 558/939/377 856/938/565 859/942/568
f 859/942/568 856/938/565 857/940/566
f 859/942/568 556/943/373 558/939/377
f 860/944/569 857/940/566 858/941/567
f 859/942/568 857/940/566 860/944/569
f 859/942/568 860/944/569 556/943/373
f 860/944/569 858/941/567 861/945/570
f 860/944/569 434/946/374 556/943/373
f 860/944/569 861/945/570 434/946/374
f 507/880/314 862/881/571 815/883/572
f 507/880/314 472/882/289 862/881/571
f 816/884/573 815/883/572 862/881/571
f 472/882/289 863/885/574 862/881/571
f 472/882/289 470/886/288 863/885/574
f 816/884/573 862/881/571 864/887/575
f 864/887/575 862/881/571 863/885/574
f 819/888/576 816/884/573 864/887/575
f 865/889/577 863/885/574 470/886/288
f 864/887/575 863/885/574 865/889/577
f 865/889/577 470/886/288 474/890/292
f 819/888/576 864/887/575 866/891/578
f 866/891/578 864/887/575 865/889/577
f 822/892/579 819/888/576 866/891/578
f 474/890/292 867/893/580 865/889/577
f 866/891/578 865/889/577 867/893/580
f 822/892/579 866/891/578 868/894/581
f 867/893/580 868/894/581 866/891/578
f 474/890/292 869/895/582 867/893/580
f 189/896/125 869/895/582 474/890/292
f 189/896/125 185/897/122 869/895/582
f 869/895/582 870/898/583 867/893/580
f 867/893/580 870/898/583 868/894/581
f 185/897/122 871/899/584 869/895/582
f 869/895/582 871/899/584 870/898/583
f 185/897/122 176/900/117 871/899/584
f 871/899/584 176/900/117 174/901/114
f 871/899/584 174/901/114 872/902/585
f 870/898/583 871/899/584 872/902/585
f 872/902/585 174/901/114 172/903/116
f 822/892/579 868/894/581 873/904/586
f 822/892/579 873/904/586 830/905/587
f 868/894/581 870/898/583 874/906/588
f 870/898/583 872/902/585 874/906/588
f 868/894/581 874/906/588 873/904/586
f 872/902/585 172/903/116 875/907/585
f 874/906/588 872/902/585 875/907/585
f 875/907/585 172/903/116 173/908/116
f 830/905/587 873/904/586 876/909/589
f 830/905/587 876/909/589 834/910/587
f 873/904/586 874/906/588 877/911/588
f 874/906/588 875/907/585 877/911/588
f 873/904/586 877/911/588 876/909/589
f 875/907/585 173/908/116 878/912/590
f 877/911/588 875/907/585 878/912/590
f 878/912/590 173/908/116 163/913/116
f 834/910/587 876/909/589 879/914/586
f 834/910/587 879/914/586 838/915/587
f 876/909/589 877/911/588 880/916/588
f 877/911/588 878/912/590 880/916/588
f 876/909/589 880/916/588 879/914/586
f 878/912/590 163/913/116 881/917/590
f 880/916/588 878/912/590 881/917/590
f 881/917/590 163/913/116 161/918/114
f 838/915/587 879/914/586 882/919/586
f 838/915/587 882/919/586 842/920/587
f 879/914/586 880/916/588 883/921/588
f 880/916/588 881/917/590 883/921/588
f 879/914/586 883/921/588 882/919/586
f 881/917/590 161/918/114 884/922/590
f 883/921/588 881/917/590 884/922/590
f 884/922/590 161/918/114 160/923/113
f 842/920/587 882/919/586 885/924/586
f 842/920/587 885/924/586 846/925/587
f 882/919/586 883/921/588 886/926/588
f 883/921/588 884/922/590 886/926/588
f 882/919/586 886/926/588 885/924/586
f 884/922/590 160/923/113 887/927/591
f 886/926/588 884/922/590 887/927/591
f 887/927/591 160/923/113 158/928/111
f 846/925/587 885/924/586 888/929/592
f 846/925/587 888/929/592 850/930/593
f 885/924/586 886/926/588 889/931/594
f 886/926/588 887/927/591 889/931/594
f 885/924/586 889/931/594 888/929/592
f 887/927/591 158/928/111 890/932/595
f 889/931/594 887/927/591 890/932/595
f 890/932/595 158/928/111 159/933/112
f 890/932/595 159/933/112 440/934/268
f 889/931/594 890/932/595 891/935/596
f 888/929/592 889/931/594 891/935/596
f 891/935/596 890/932/595 440/934/268
f 892/936/597 850/930/593 888/929/592
f 888/929/592 891/935/596 892/936/597
f 892/936/597 855/937/598 850/930/593
f 891/935/596 440/934/268 893/938/599
f 893/938/599 892/936/597 891/935/596
f 437/939/265 893/938/599 440/934/268
f 894/940/600 855/937/598 892/936/597
f 893/938/599 894/940/600 892/936/597
f 894/940/600 858/941/601 855/937/598
f 437/939/265 895/942/602 893/938/599
f 895/942/602 894/940/600 893/938/599
f 895/942/602 437/939/265 433/943/261
f 896/944/603 858/941/601 894/940/600
f 895/942/602 896/944/603 894/940/600
f 895/942/602 433/943/261 896/944/603
f 896/944/603 861/945/604 858/941/601
f 896/944/603 433/943/261 434/946/263
f 896/944/603 434/946/263 861/945/604
o Cube
v -0.035606 0.001143 0.028716
v -0.035606 4.251645 0.028716
v -0.035606 0.001143 -2.353221
v -0.035606 4.251645 -2.353221
v -0.017224 0.001143 0.028716
v -0.017224 4.251645 0.028716
v -0.017224 0.001143 -2.353221
v -0.017224 4.251645 -2.353221
vn -1.0000 -0.0000 -0.0000
vn -0.0000 -0.0000 -1.0000
vn 1.0000 -0.0000 -0.0000
vn -0.0000 -0.0000 1.0000
vn -0.0000 -1.0000 -0.0000
vn -0.0000 1.0000 -0.0000
vt 0.625000 0.000000
vt 0.375000 0.250000
vt 0.375000 0.000000
vt 0.625000 0.250000
vt 0.375000 0.500000
vt 0.625000 0.500000
vt 0.375000 0.750000
vt 0.625000 0.750000
vt 0.375000 1.000000
vt 0.125000 0.750000
vt 0.125000 0.500000
vt 0.875000 0.500000
vt 0.625000 1.000000
vt 0.875000 0.750000
s 0
usemtl Material.001
f 898/947/605 899/948/605 897/949/605
f 900/950/606 903/951/606 899/948/606
f 904/952/607 901/953/607 903/951/607
f 902/954/608 897/955/608 901/953/608
f 903/951/609 897/956/609 899/957/609
f 900/958/610 902/954/610 904/952/610
f 898/947/605 900/950/605 899/948/605
f 900/950/606 904/952/606 903/951/606
f 904/952/607 902/954/607 901/953/607
f 902/954/608 898/959/608 897/955/608
f 903/951/609 901/953/609 897/956/609
f 900/958/610 898/960/610 902/954/610
